Fecha,pp_em,pp_chirps,TMin,TMax,delta
2000-03-01,0.0,0.6947201490402222,7.0,27.0,-0.6947201490402222
2000-03-02,0.0,0.0,12.0,27.5,0.0
2000-03-03,0.0,0.6947201490402222,14.0,27.5,-0.6947201490402222
2000-03-04,0.0,0.0,14.5,28.0,0.0
2000-03-05,0.0,0.6947201490402222,14.5,27.5,-0.6947201490402222
2000-03-06,0.0,0.0,15.0,28.0,0.0
2000-03-07,0.0,0.8128781318664551,15.0,27.5,-0.8128781318664551
2000-03-08,0.0,0.8128781318664551,14.5,27.5,-0.8128781318664551
2000-03-09,0.0,0.0,14.5,28.0,0.0
2000-03-10,0.0,0.0,14.0,27.0,0.0
2000-03-11,0.0,0.0,14.5,27.5,0.0
2000-03-12,0.0,0.0,14.5,27.5,0.0
2000-03-13,0.0,0.0,14.0,28.0,0.0
2000-03-14,0.0,0.0,14.5,28.0,0.0
2000-03-15,0.0,0.0,14.5,27.5,0.0
2000-03-16,0.0,0.0,15.0,27.5,0.0
2000-03-17,0.0,0.0,14.5,28.0,0.0
2000-03-18,0.0,0.0,14.0,28.0,0.0
2000-03-19,0.0,0.0,14.0,29.5,0.0
2000-03-20,0.0,0.0,14.0,30.0,0.0
2000-03-21,0.0,0.0,11.5,30.0,0.0
2000-03-22,0.0,0.0,10.5,30.0,0.0
2000-03-23,0.0,0.0,6.5,31.0,0.0
2000-03-24,0.0,0.0,8.0,32.0,0.0
2000-03-25,0.0,0.0,12.0,33.0,0.0
2000-03-26,0.0,0.0,12.0,34.0,0.0
2000-03-27,0.0,0.0,7.0,30.5,0.0
2000-03-28,0.0,0.0,7.0,32.0,0.0
2000-03-29,0.0,0.0,8.5,30.5,0.0
2000-03-30,0.0,0.0,8.5,32.0,0.0
2000-03-31,0.0,0.0,9.0,32.0,0.0
2000-04-01,0.0,0.0,9.0,32.0,0.0
2000-04-02,0.0,0.0,9.0,32.0,0.0
2000-04-03,0.0,2.9050679206848145,8.0,30.0,-2.9050679206848145
2000-04-04,0.0,0.0,11.5,31.0,0.0
2000-04-05,0.0,0.0,12.0,33.5,0.0
2000-04-06,0.0,0.0,6.5,33.5,0.0
2000-04-07,0.0,0.0,7.5,32.5,0.0
2000-04-08,0.0,0.0,9.0,32.5,0.0
2000-04-09,0.0,0.0,9.0,32.5,0.0
2000-04-10,0.0,0.0,11.0,31.0,0.0
2000-04-11,0.0,0.0,9.0,30.0,0.0
2000-04-12,0.0,0.0,9.5,30.0,0.0
2000-04-13,0.0,0.0,8.0,30.5,0.0
2000-04-14,0.0,0.0,8.0,32.0,0.0
2000-04-15,0.0,0.0,9.0,34.0,0.0
2000-04-16,0.0,0.0,7.0,32.5,0.0
2000-04-17,0.0,0.0,9.0,34.0,0.0
2000-04-18,0.0,0.0,9.0,35.0,0.0
2000-04-19,0.0,0.0,9.5,35.0,0.0
2000-04-20,0.0,0.0,12.0,36.0,0.0
2000-04-21,0.0,0.0,12.0,35.0,0.0
2000-04-22,0.0,0.0,9.5,28.0,0.0
2000-04-23,0.0,0.0,9.5,33.0,0.0
2000-04-24,0.0,0.0,11.0,34.0,0.0
2000-04-25,0.0,0.0,11.0,33.0,0.0
2000-04-26,0.0,0.0,12.0,34.0,0.0
2000-04-27,0.0,0.0,12.0,34.0,0.0
2000-04-28,0.0,0.0,10.5,33.5,0.0
2000-04-29,0.0,0.0,10.5,34.5,0.0
2000-04-30,0.0,0.0,11.5,34.0,0.0
2000-05-01,0.0,0.0,12.0,35.0,0.0
2000-05-02,0.0,0.0,13.5,35.0,0.0
2000-05-03,0.0,0.0,12.5,33.0,0.0
2000-05-04,0.0,0.0,13.0,33.0,0.0
2000-05-05,0.0,0.0,9.0,33.0,0.0
2000-05-06,0.0,0.0,9.0,33.0,0.0
2000-05-07,0.0,0.0,14.0,35.0,0.0
2000-05-08,0.0,0.0,11.0,36.0,0.0
2000-05-09,0.0,0.0,14.0,33.0,0.0
2000-05-10,0.0,0.0,12.0,34.5,0.0
2000-05-11,0.0,0.0,13.0,36.0,0.0
2000-05-12,0.0,0.0,12.0,34.0,0.0
2000-05-13,0.0,0.0,12.0,35.0,0.0
2000-05-14,0.0,0.0,11.0,35.0,0.0
2000-05-15,0.0,0.0,11.5,32.0,0.0
2000-05-16,0.0,0.0,10.0,33.5,0.0
2000-05-17,0.0,0.0,11.0,33.5,0.0
2000-05-18,0.0,0.0,13.5,34.5,0.0
2000-05-19,0.0,0.0,13.0,34.5,0.0
2000-05-20,0.0,0.0,12.0,33.0,0.0
2000-05-21,0.0,0.0,13.0,34.5,0.0
2000-05-22,0.0,0.0,13.0,30.0,0.0
2000-05-23,0.0,0.0,13.0,33.0,0.0
2000-05-24,0.0,0.0,14.5,33.0,0.0
2000-05-25,0.0,0.0,13.0,33.0,0.0
2000-05-26,0.0,0.0,14.0,34.0,0.0
2000-05-27,3.5,11.981335639953612,14.5,32.5,-8.481335639953612
2000-05-28,0.0,5.990667819976807,15.5,32.5,-5.990667819976807
2000-05-29,0.0,0.0,14.5,32.0,0.0
2000-05-30,36.6,0.0,15.0,30.0,36.6
2000-05-31,0.0,23.962671279907227,14.0,27.0,-23.962671279907227
2000-06-01,10.5,10.501413345336914,15.0,25.0,-0.0014133453369140625
2000-06-02,0.0,10.501413345336914,15.5,30.0,-10.501413345336914
2000-06-03,0.0,10.501413345336914,15.0,29.5,-10.501413345336914
2000-06-04,0.0,3.5004711151123047,14.0,30.0,-3.5004711151123047
2000-06-05,0.0,3.5004711151123047,14.5,29.0,-3.5004711151123047
2000-06-06,0.0,9.653105735778809,14.0,29.0,-9.653105735778809
2000-06-07,20.0,4.826552867889404,15.0,22.0,15.173447132110596
2000-06-08,10.5,4.826552867889404,15.0,29.0,5.673447132110596
2000-06-09,0.0,4.826552867889404,15.0,28.0,-4.826552867889404
2000-06-10,0.0,4.826552867889404,15.0,30.5,-4.826552867889404
2000-06-11,13.0,0.0,16.5,31.0,13.0
2000-06-12,1.0,12.402888298034668,16.0,31.0,-11.402888298034668
2000-06-13,0.0,12.402888298034668,15.5,21.0,-12.402888298034668
2000-06-14,12.0,12.402888298034668,14.0,26.0,-0.40288829803466797
2000-06-15,0.0,6.201444149017334,14.0,23.5,-6.201444149017334
2000-06-16,0.0,0.0,14.0,28.0,0.0
2000-06-17,9.0,0.0,12.0,29.0,9.0
2000-06-18,0.0,0.0,13.5,28.5,0.0
2000-06-19,10.0,17.180356979370117,15.5,27.0,-7.180356979370117
2000-06-20,11.0,0.0,14.0,27.5,11.0
2000-06-21,0.0,0.0,14.5,27.0,0.0
2000-06-22,4.0,0.0,14.5,27.0,4.0
2000-06-23,0.0,10.587420463562012,15.5,29.0,-10.587420463562012
2000-06-24,1.0,10.587420463562012,15.5,29.0,-9.587420463562012
2000-06-25,13.6,0.0,15.0,30.0,13.6
2000-06-26,0.0,3.8243637084960938,12.0,28.0,-3.8243637084960938
2000-06-27,0.0,3.8243637084960938,16.0,28.0,-3.8243637084960938
2000-06-28,6.0,0.0,15.0,29.0,6.0
2000-06-29,1.0,7.6487274169921875,14.0,30.0,-6.6487274169921875
2000-06-30,10.0,3.8243637084960938,14.0,30.0,6.175636291503906
2000-07-01,10.0,15.303082466125488,14.0,30.0,-5.303082466125488
2000-07-02,0.0,0.0,14.0,30.0,0.0
2000-07-03,13.0,10.202054977416992,13.0,31.0,2.797945022583008
2000-07-04,1.5,10.202054977416992,13.0,29.0,-8.702054977416992
2000-07-05,0.0,0.0,13.0,27.0,0.0
2000-07-06,0.5,6.705214500427246,13.0,30.0,-6.205214500427246
2000-07-07,1.5,0.0,12.0,28.0,1.5
2000-07-08,0.0,0.0,15.0,27.5,0.0
2000-07-09,0.0,6.705214500427246,13.0,29.0,-6.705214500427246
2000-07-10,2.4,0.0,12.0,28.0,2.4
2000-07-11,15.5,5.637144088745117,14.0,26.0,9.862855911254883
2000-07-12,0.0,5.637144088745117,12.0,31.0,-5.637144088745117
2000-07-13,12.5,8.455716133117676,11.0,31.0,4.044283866882324
2000-07-14,0.0,0.0,13.0,30.0,0.0
2000-07-15,1.0,0.0,15.0,33.0,1.0
2000-07-16,27.2,0.0,15.0,33.0,27.2
2000-07-17,6.0,22.957612991333008,13.0,30.0,-16.957612991333008
2000-07-18,3.0,0.0,11.0,35.0,3.0
2000-07-19,1.9,0.0,11.0,31.5,1.9
2000-07-20,0.0,0.0,12.0,32.0,0.0
2000-07-21,0.0,0.0,13.0,30.0,0.0
2000-07-22,0.0,0.0,13.0,32.0,0.0
2000-07-23,0.0,0.0,13.5,31.0,0.0
2000-07-24,0.0,4.210886478424072,13.0,29.0,-4.210886478424072
2000-07-25,0.0,4.210886478424072,13.0,27.0,-4.210886478424072
2000-07-26,1.0,0.0,12.0,29.0,1.0
2000-07-27,38.3,10.14971923828125,14.0,28.0,28.150280761718747
2000-07-28,4.5,5.074859619140625,13.0,28.0,-0.574859619140625
2000-07-29,0.0,10.14971923828125,13.0,29.0,-10.14971923828125
2000-07-30,2.0,5.074859619140625,14.0,27.0,-3.074859619140625
2000-07-31,6.0,5.074859619140625,13.0,27.0,0.925140380859375
2000-08-01,17.0,2.6495401859283447,12.0,26.5,14.350459814071655
2000-08-02,18.0,2.6495401859283447,13.5,30.0,15.350459814071655
2000-08-03,6.0,2.6495401859283447,12.0,28.0,3.3504598140716553
2000-08-04,4.0,7.948620319366455,12.0,30.0,-3.948620319366455
2000-08-05,15.0,7.948620319366455,12.0,30.0,7.051379680633545
2000-08-06,6.5,0.0,12.0,28.0,6.5
2000-08-07,5.0,3.887542486190796,13.0,29.0,1.112457513809204
2000-08-08,4.0,11.662627220153809,12.5,29.0,-7.662627220153809
2000-08-09,0.0,0.0,13.5,29.0,0.0
2000-08-10,0.0,0.0,11.0,30.0,0.0
2000-08-11,0.0,0.0,10.0,30.0,0.0
2000-08-12,9.5,0.0,9.0,29.0,9.5
2000-08-13,0.0,9.931812286376951,10.0,31.0,-9.931812286376951
2000-08-14,0.0,4.965906143188477,12.0,29.0,-4.965906143188477
2000-08-15,3.0,0.0,12.0,30.0,3.0
2000-08-16,2.5,16.692981719970703,12.0,30.0,-14.192981719970703
2000-08-17,0.0,0.0,12.0,29.0,0.0
2000-08-18,0.0,0.0,10.0,29.0,0.0
2000-08-19,0.0,0.0,7.0,28.0,0.0
2000-08-20,20.0,0.0,9.5,31.0,20.0
2000-08-21,4.0,9.157330513000488,9.0,30.0,-5.157330513000488
2000-08-22,5.0,0.0,10.0,31.0,5.0
2000-08-23,13.0,4.578665256500244,9.0,28.0,8.421334743499756
2000-08-24,0.0,9.157330513000488,12.5,26.0,-9.157330513000488
2000-08-25,0.0,0.0,11.0,27.0,0.0
2000-08-26,3.5,5.357414245605469,11.5,29.0,-1.8574142456054688
2000-08-27,0.0,0.0,11.0,28.5,0.0
2000-08-28,0.0,5.357414245605469,12.0,29.0,-5.357414245605469
2000-08-29,14.0,0.0,13.0,30.0,14.0
2000-08-30,11.0,5.357414245605469,11.0,30.0,5.642585754394531
2000-08-31,13.0,10.714828491210938,11.0,29.0,2.2851715087890625
2000-09-01,10.0,23.31867027282715,10.0,27.0,-13.318670272827148
2000-09-02,26.0,7.772890567779541,12.0,29.0,18.22710943222046
2000-09-03,0.0,7.772890567779541,12.0,29.0,-7.772890567779541
2000-09-04,11.5,0.0,12.5,28.0,11.5
2000-09-05,0.0,7.772890567779541,12.5,28.5,-7.772890567779541
2000-09-06,0.0,0.0,12.5,29.0,0.0
2000-09-07,0.0,0.0,9.0,29.0,0.0
2000-09-08,0.0,0.0,12.0,29.0,0.0
2000-09-09,0.0,0.0,14.0,29.0,0.0
2000-09-10,0.0,0.0,14.0,30.0,0.0
2000-09-11,0.0,8.599349975585938,13.5,30.0,-8.599349975585938
2000-09-12,0.0,0.0,12.5,31.0,0.0
2000-09-13,0.0,12.899024963378906,11.5,31.0,-12.899024963378906
2000-09-14,4.0,4.299674987792969,11.0,29.0,-0.29967498779296875
2000-09-15,0.0,8.599349975585938,14.0,29.0,-8.599349975585938
2000-09-16,6.0,6.419808864593506,15.0,29.0,-0.41980886459350586
2000-09-17,0.0,6.419808864593506,13.5,28.0,-6.419808864593506
2000-09-18,0.0,0.0,13.0,28.0,0.0
2000-09-19,0.0,0.0,12.5,26.0,0.0
2000-09-20,0.0,6.419808864593506,12.5,28.0,-6.419808864593506
2000-09-21,0.0,0.0,13.0,28.0,0.0
2000-09-22,0.0,0.0,12.0,27.0,0.0
2000-09-23,0.0,0.0,12.0,28.0,0.0
2000-09-24,31.0,0.0,12.0,29.0,31.0
2000-09-25,0.0,4.919206142425537,14.0,30.0,-4.919206142425537
2000-09-26,0.0,0.0,13.0,29.0,0.0
2000-09-27,0.0,0.0,14.5,30.0,0.0
2000-09-28,0.0,0.0,6.0,29.5,0.0
2000-09-29,0.0,0.0,8.0,30.5,0.0
2000-09-30,0.0,0.0,6.5,29.0,0.0
2000-10-01,0.0,0.0,12.0,31.0,0.0
2000-10-02,0.0,0.0,11.0,29.5,0.0
2000-10-03,0.0,0.0,11.0,31.5,0.0
2000-10-04,0.0,0.0,14.5,32.0,0.0
2000-10-05,0.0,0.0,14.0,29.0,0.0
2000-10-06,0.0,0.0,13.0,29.5,0.0
2000-10-07,0.0,29.082853317260746,13.5,29.0,-29.082853317260746
2000-10-08,17.0,0.0,12.0,28.0,17.0
2000-10-09,5.0,0.0,11.0,26.0,5.0
2000-10-10,0.0,0.0,12.0,28.0,0.0
2000-10-11,0.0,0.0,14.0,30.0,0.0
2000-10-12,0.0,13.002694129943848,14.0,30.0,-13.002694129943848
2000-10-13,0.0,4.334231376647949,12.5,28.0,-4.334231376647949
2000-10-14,0.0,0.0,13.5,28.0,0.0
2000-10-15,3.5,0.0,12.0,27.0,3.5
2000-10-16,0.0,6.895226001739502,11.0,29.5,-6.895226001739502
2000-10-17,0.0,0.0,11.0,29.0,0.0
2000-10-18,0.0,0.0,10.5,27.5,0.0
2000-10-19,0.0,3.447613000869751,10.0,27.0,-3.447613000869751
2000-10-20,8.0,6.895226001739502,11.0,25.0,1.104773998260498
2000-10-21,0.0,2.341104984283448,12.0,28.0,-2.341104984283448
2000-10-22,0.0,1.1705524921417236,11.0,27.0,-1.1705524921417236
2000-10-23,0.0,1.1705524921417236,10.5,28.5,-1.1705524921417236
2000-10-24,0.0,0.0,12.0,27.0,0.0
2000-10-25,1.0,0.0,9.0,29.0,1.0
2000-10-26,0.0,0.0,10.0,27.0,0.0
2000-10-27,0.0,0.0,10.0,27.5,0.0
2000-10-28,0.0,0.0,10.5,28.0,0.0
2000-10-29,0.0,3.4362826347351074,10.0,29.0,-3.4362826347351074
2000-10-30,0.0,0.0,10.0,29.0,0.0
2000-10-31,0.0,0.0,11.0,28.0,0.0
2000-11-01,0.0,0.0,12.0,27.0,0.0
2000-11-02,0.0,5.840631008148193,12.0,29.5,-5.840631008148193
2000-11-03,0.0,2.845435619354248,11.0,28.5,-2.845435619354248
2000-11-04,0.0,0.0,9.5,28.5,0.0
2000-11-05,0.0,0.0,10.5,28.0,0.0
2000-11-06,0.0,0.0,9.0,26.5,0.0
2000-11-07,0.0,0.0,5.5,27.0,0.0
2000-11-08,0.0,0.0,4.5,26.0,0.0
2000-11-09,0.0,0.0,3.0,27.0,0.0
2000-11-10,0.0,0.0,4.5,28.0,0.0
2000-11-11,0.0,0.0,6.0,27.0,0.0
2000-11-12,0.0,0.0,7.5,28.5,0.0
2000-11-13,0.0,0.0,7.5,30.0,0.0
2000-11-14,0.0,0.0,9.0,30.0,0.0
2000-11-15,0.0,0.0,14.0,29.0,0.0
2000-11-16,0.0,0.0,11.0,29.0,0.0
2000-11-17,0.0,0.0,8.5,28.5,0.0
2000-11-18,0.0,0.0,9.5,29.0,0.0
2000-11-19,0.0,0.0,5.0,28.0,0.0
2000-11-20,0.0,0.0,9.5,27.5,0.0
2000-11-21,0.0,0.0,10.0,27.0,0.0
2000-11-22,0.0,0.0,11.0,29.0,0.0
2000-11-23,0.0,0.0,9.0,27.0,0.0
2000-11-24,0.0,0.0,7.5,28.0,0.0
2000-11-25,0.0,0.0,10.0,29.0,0.0
2000-11-26,3.5,0.0,11.0,29.0,3.5
2000-11-27,0.0,0.0,7.5,29.0,0.0
2000-11-28,0.0,0.0,11.0,29.0,0.0
2000-11-29,0.0,0.0,11.5,28.0,0.0
2000-11-30,0.0,0.0,10.0,28.0,0.0
2001-01-01,0.0,1.7271676063537598,5.0,24.0,-1.7271676063537598
2001-01-02,0.0,0.0,5.5,26.0,0.0
2001-01-03,0.0,1.7271676063537598,5.5,20.0,-1.7271676063537598
2001-01-04,0.0,0.0,8.0,27.0,0.0
2001-01-05,0.0,0.0,9.0,29.0,0.0
2001-01-06,0.0,0.0,4.5,29.0,0.0
2001-01-07,0.0,0.0,4.5,17.0,0.0
2001-01-08,0.0,0.0,8.5,27.0,0.0
2001-01-09,0.0,0.0,4.0,24.0,0.0
2001-01-10,0.0,0.0,5.0,27.0,0.0
2001-01-11,0.0,0.0,5.0,28.0,0.0
2001-01-12,0.0,0.0,2.0,27.5,0.0
2001-01-13,0.0,0.0,6.0,28.0,0.0
2001-01-14,0.0,0.0,5.0,28.5,0.0
2001-01-15,0.0,0.0,6.0,28.0,0.0
2001-01-16,0.0,0.0,5.0,26.5,0.0
2001-01-17,0.0,0.0,5.0,26.5,0.0
2001-01-18,0.0,0.0,6.5,25.0,0.0
2001-01-19,0.0,0.0,1.5,25.0,0.0
2001-01-20,0.0,0.0,2.5,26.0,0.0
2001-01-21,0.0,0.0,3.0,27.0,0.0
2001-01-22,0.0,0.0,2.0,26.5,0.0
2001-01-23,0.0,0.0,3.5,26.0,0.0
2001-01-24,0.0,0.0,4.5,27.5,0.0
2001-01-25,0.0,0.0,6.0,29.0,0.0
2001-01-26,0.0,1.259767770767212,7.0,27.5,-1.259767770767212
2001-01-27,0.0,0.0,6.5,28.0,0.0
2001-01-28,0.0,0.0,6.0,22.0,0.0
2001-01-29,0.0,2.519535541534424,4.5,26.0,-2.519535541534424
2001-01-30,0.0,0.0,11.0,28.0,0.0
2001-01-31,0.0,0.0,6.0,27.0,0.0
2001-02-01,0.0,0.0,5.0,28.0,0.0
2001-02-02,0.0,0.0,11.0,28.0,0.0
2001-02-03,0.0,0.0,11.0,28.0,0.0
2001-02-04,0.0,0.0,5.0,26.0,0.0
2001-02-05,0.0,0.0,7.0,27.0,0.0
2001-02-06,0.0,0.0,6.0,29.0,0.0
2001-02-07,0.0,0.0,4.0,28.0,0.0
2001-02-08,0.0,0.0,5.0,29.5,0.0
2001-02-09,0.0,2.301769256591797,6.0,31.0,-2.301769256591797
2001-02-10,0.0,0.0,9.0,31.0,0.0
2001-02-11,0.0,0.0,10.0,31.0,0.0
2001-02-12,0.0,0.0,9.0,30.0,0.0
2001-02-13,0.0,0.0,7.5,31.0,0.0
2001-02-14,0.0,0.0,7.0,31.5,0.0
2001-02-15,0.0,0.0,6.0,31.0,0.0
2001-02-16,0.0,0.0,5.0,30.0,0.0
2001-02-17,0.0,0.0,5.0,32.0,0.0
2001-02-18,0.0,0.0,6.0,32.0,0.0
2001-02-19,0.0,0.0,6.5,32.0,0.0
2001-02-20,0.0,0.0,6.0,33.0,0.0
2001-02-21,0.0,0.0,8.5,31.0,0.0
2001-02-22,0.0,0.0,7.0,31.0,0.0
2001-02-23,0.0,0.0,8.0,31.5,0.0
2001-02-24,0.0,0.0,6.5,32.0,0.0
2001-02-25,0.0,0.0,6.5,32.5,0.0
2001-02-26,0.0,0.0,5.0,32.0,0.0
2001-02-27,0.0,1.2516212463378906,6.0,32.0,-1.2516212463378906
2001-02-28,0.0,0.0,7.0,32.5,0.0
2001-03-01,0.0,0.699625551700592,7.0,33.0,-0.699625551700592
2001-03-02,0.0,3.4981279373168945,6.5,33.0,-3.4981279373168945
2001-03-03,0.0,0.699625551700592,2.0,32.0,-0.699625551700592
2001-03-04,0.0,0.0,3.0,30.0,0.0
2001-03-05,0.0,0.0,7.0,30.0,0.0
2001-03-06,0.0,0.0,6.0,30.0,0.0
2001-03-07,0.0,0.0,6.0,30.0,0.0
2001-03-08,0.0,0.0,5.0,31.0,0.0
2001-03-09,0.0,0.0,7.0,31.0,0.0
2001-03-10,0.0,0.0,3.0,31.0,0.0
2001-03-11,0.0,0.0,3.0,29.5,0.0
2001-03-12,0.0,0.0,11.0,33.5,0.0
2001-03-13,0.0,0.0,8.0,32.0,0.0
2001-03-14,0.0,0.0,6.0,33.0,0.0
2001-03-15,0.0,0.0,8.0,30.5,0.0
2001-03-16,0.0,0.0,6.5,31.0,0.0
2001-03-17,0.0,0.0,6.0,32.0,0.0
2001-03-18,0.0,0.0,7.5,32.0,0.0
2001-03-19,0.0,0.0,9.0,30.5,0.0
2001-03-20,0.0,0.0,4.0,32.5,0.0
2001-03-21,0.0,0.0,6.5,33.0,0.0
2001-03-22,0.0,0.0,7.0,32.0,0.0
2001-03-23,0.0,0.0,7.5,32.0,0.0
2001-03-24,0.0,0.0,8.5,32.0,0.0
2001-03-25,0.0,0.0,6.0,33.5,0.0
2001-03-26,0.0,0.0,7.0,31.5,0.0
2001-03-27,0.0,0.0,5.5,30.5,0.0
2001-03-28,0.0,0.0,5.0,30.0,0.0
2001-03-29,0.0,0.0,4.0,31.0,0.0
2001-03-30,0.0,0.0,9.0,31.0,0.0
2001-03-31,0.0,0.0,7.0,31.0,0.0
2001-04-01,0.0,0.0,7.5,35.0,0.0
2001-04-02,0.0,0.0,7.5,34.0,0.0
2001-04-03,0.0,0.0,8.0,34.0,0.0
2001-04-04,0.0,0.0,4.5,33.0,0.0
2001-04-05,0.0,0.0,7.0,36.0,0.0
2001-04-06,0.0,0.0,9.0,37.0,0.0
2001-04-07,0.0,0.0,9.5,36.0,0.0
2001-04-08,0.0,0.0,8.5,36.0,0.0
2001-04-09,0.0,0.0,8.0,36.0,0.0
2001-04-10,0.0,0.0,8.0,35.0,0.0
2001-04-11,0.0,0.0,9.0,36.5,0.0
2001-04-12,0.0,0.0,10.0,35.0,0.0
2001-04-13,0.0,0.0,10.0,35.0,0.0
2001-04-14,0.0,0.0,10.0,37.0,0.0
2001-04-15,0.0,0.0,8.5,38.0,0.0
2001-04-16,0.0,0.0,12.5,37.0,0.0
2001-04-17,0.0,0.0,11.5,36.5,0.0
2001-04-18,0.0,0.0,10.5,37.0,0.0
2001-04-19,0.0,0.0,12.0,33.0,0.0
2001-04-20,0.0,0.0,12.0,34.0,0.0
2001-04-21,0.0,0.0,10.0,36.5,0.0
2001-04-22,0.0,0.0,10.5,35.0,0.0
2001-04-23,0.0,0.0,9.5,35.0,0.0
2001-04-24,0.0,0.0,9.0,36.0,0.0
2001-04-25,0.0,2.194211483001709,15.0,34.0,-2.194211483001709
2001-04-26,0.0,4.314417362213135,11.5,34.0,-4.314417362213135
2001-04-27,0.0,0.0,10.5,32.0,0.0
2001-04-28,0.0,0.0,11.0,33.0,0.0
2001-04-29,0.0,0.0,12.0,35.0,0.0
2001-04-30,0.0,0.0,11.0,34.0,0.0
2001-05-01,0.0,0.0,9.0,34.5,0.0
2001-05-02,0.0,0.0,9.0,32.0,0.0
2001-05-03,0.0,2.288648843765259,15.5,33.0,-2.288648843765259
2001-05-04,0.0,2.288648843765259,12.0,33.0,-2.288648843765259
2001-05-05,0.0,0.7628830075263977,12.0,34.0,-0.7628830075263977
2001-05-06,0.0,2.600337505340576,11.5,35.0,-2.600337505340576
2001-05-07,0.0,2.600337505340576,12.5,36.0,-2.600337505340576
2001-05-08,0.0,0.0,11.0,34.5,0.0
2001-05-09,0.0,0.0,10.0,33.0,0.0
2001-05-10,0.0,0.0,11.0,33.0,0.0
2001-05-11,0.0,8.178524017333984,11.0,33.5,-8.178524017333984
2001-05-12,0.0,0.0,10.0,34.0,0.0
2001-05-13,0.0,16.35704803466797,10.5,33.0,-16.35704803466797
2001-05-14,0.0,0.0,11.5,33.5,0.0
2001-05-15,0.0,0.0,11.0,33.5,0.0
2001-05-16,0.0,0.0,11.0,33.5,0.0
2001-05-17,0.0,5.147773265838623,14.5,34.5,-5.147773265838623
2001-05-18,0.0,0.0,7.5,33.5,0.0
2001-05-19,0.0,0.0,11.5,33.5,0.0
2001-05-20,0.0,0.0,11.0,32.0,0.0
2001-05-21,0.0,0.0,12.0,35.0,0.0
2001-05-22,0.0,0.0,11.0,37.0,0.0
2001-05-23,0.0,0.0,15.0,36.0,0.0
2001-05-24,0.0,0.0,15.0,35.5,0.0
2001-05-25,0.0,0.0,13.0,33.5,0.0
2001-05-26,0.0,0.0,13.0,35.5,0.0
2001-05-27,0.0,0.0,12.0,35.0,0.0
2001-05-28,0.0,0.0,12.5,35.0,0.0
2001-05-29,0.0,0.0,15.0,36.5,0.0
2001-05-30,0.0,0.0,13.5,35.0,0.0
2001-05-31,0.0,0.0,12.5,,0.0
2001-06-01,23.0,13.85303783416748,14.0,32.0,9.14696216583252
2001-06-02,0.0,13.85303783416748,14.0,32.0,-13.85303783416748
2001-06-03,0.0,6.92651891708374,14.0,32.0,-6.92651891708374
2001-06-04,0.0,13.85303783416748,13.0,31.0,-13.85303783416748
2001-06-05,7.0,0.0,16.0,31.0,7.0
2001-06-06,6.0,4.183542728424072,17.0,29.5,1.8164572715759277
2001-06-07,0.0,4.183542728424072,14.0,33.0,-4.183542728424072
2001-06-08,5.0,0.0,14.0,32.5,5.0
2001-06-09,0.0,4.183542728424072,15.5,31.0,-4.183542728424072
2001-06-10,7.0,4.183542728424072,15.0,30.5,2.8164572715759277
2001-06-11,10.2,0.0,15.5,32.0,10.2
2001-06-12,0.0,16.103036880493164,17.0,31.0,-16.103036880493164
2001-06-13,0.0,10.735358238220217,15.0,29.0,-10.735358238220217
2001-06-14,0.0,0.0,13.0,31.0,0.0
2001-06-15,5.0,0.0,12.0,30.0,5.0
2001-06-16,0.0,7.270401954650879,13.5,31.5,-7.270401954650879
2001-06-17,0.0,3.63520097732544,12.5,28.0,-3.63520097732544
2001-06-18,0.0,0.0,12.0,29.0,0.0
2001-06-19,7.0,0.0,12.5,30.0,7.0
2001-06-20,7.0,7.270401954650879,14.0,30.0,-0.2704019546508789
2001-06-21,6.0,5.607335567474365,13.5,29.0,0.39266443252563477
2001-06-22,0.0,5.607335567474365,12.0,31.0,-5.607335567474365
2001-06-23,0.0,5.607335567474365,12.0,30.0,-5.607335567474365
2001-06-24,0.0,5.607335567474365,13.0,31.5,-5.607335567474365
2001-06-25,14.0,0.0,14.0,31.0,14.0
2001-06-26,3.0,19.2160701751709,12.0,26.5,-16.2160701751709
2001-06-27,15.0,6.4053568840026855,14.0,26.0,8.594643115997314
2001-06-28,1.0,0.0,13.0,26.5,1.0
2001-06-29,0.0,6.4053568840026855,12.0,28.5,-6.4053568840026855
2001-06-30,2.0,0.0,12.5,32.0,2.0
2001-07-01,27.0,13.15030288696289,16.0,30.5,13.84969711303711
2001-07-02,0.5,13.15030288696289,14.0,27.0,-12.65030288696289
2001-07-03,2.0,8.766867637634277,11.0,28.0,-6.766867637634277
2001-07-04,10.0,4.383433818817139,13.0,24.5,5.616566181182861
2001-07-05,1.2,0.0,14.0,27.0,1.2
2001-07-06,7.5,4.460873603820801,14.0,27.0,3.039126396179199
2001-07-07,3.2,4.460873603820801,15.0,28.0,-1.2608736038208006
2001-07-08,38.0,8.921747207641602,16.0,30.0,29.0782527923584
2001-07-09,19.0,8.921747207641602,13.0,27.5,10.078252792358398
2001-07-10,4.0,13.382620811462402,12.0,27.5,-9.382620811462402
2001-07-11,10.0,5.13833475112915,15.0,29.0,4.86166524887085
2001-07-12,0.0,10.2766695022583,13.0,27.0,-10.2766695022583
2001-07-13,4.0,0.0,15.0,27.5,4.0
2001-07-14,6.0,0.0,15.0,28.0,6.0
2001-07-15,8.3,10.2766695022583,14.0,27.0,-1.9766695022583
2001-07-16,15.0,0.0,15.0,30.0,15.0
2001-07-17,3.3,7.465996742248535,13.0,29.0,-4.165996742248535
2001-07-18,3.1,14.93199348449707,11.5,28.0,-11.83199348449707
2001-07-19,17.2,0.0,11.5,29.0,17.2
2001-07-20,0.0,14.93199348449707,13.5,29.5,-14.93199348449707
2001-07-21,10.0,5.428507328033447,13.5,30.0,4.571492671966553
2001-07-22,3.0,0.0,14.0,30.0,3.0
2001-07-23,0.0,2.714253664016724,12.0,29.0,-2.714253664016724
2001-07-24,0.0,5.428507328033447,14.5,28.5,-5.428507328033447
2001-07-25,0.0,2.714253664016724,12.5,29.0,-2.714253664016724
2001-07-26,11.0,6.27467679977417,12.0,29.0,4.72532320022583
2001-07-27,3.0,18.82402801513672,13.5,28.0,-15.824028015136719
2001-07-28,0.0,6.27467679977417,12.0,27.5,-6.27467679977417
2001-07-29,6.0,12.54935359954834,11.5,28.0,-6.54935359954834
2001-07-30,7.0,6.27467679977417,14.0,29.0,0.7253232002258301
2001-07-31,20.0,6.27467679977417,13.5,29.5,13.72532320022583
2001-08-01,9.0,13.733431816101074,12.5,29.0,-4.733431816101074
2001-08-02,5.0,0.0,10.5,29.0,5.0
2001-08-03,7.0,0.0,10.5,29.5,7.0
2001-08-04,0.0,0.0,11.0,29.0,0.0
2001-08-05,10.0,9.155621528625488,12.0,29.0,0.8443784713745117
2001-08-06,5.0,13.545178413391112,11.5,29.5,-8.545178413391112
2001-08-07,0.0,0.0,13.5,30.0,0.0
2001-08-08,10.0,0.0,12.5,28.5,10.0
2001-08-09,3.0,6.772589206695557,11.0,29.0,-3.7725892066955566
2001-08-10,5.0,6.772589206695557,13.0,29.0,-1.7725892066955566
2001-08-11,19.0,6.674840450286865,11.0,30.5,12.325159549713135
2001-08-12,0.0,0.0,11.0,29.0,0.0
2001-08-13,0.0,13.34968090057373,12.5,30.0,-13.34968090057373
2001-08-14,0.0,0.0,13.0,28.5,0.0
2001-08-15,0.0,0.0,11.0,29.5,0.0
2001-08-16,0.0,0.0,11.0,30.0,0.0
2001-08-17,0.0,4.446437835693359,12.0,29.5,-4.446437835693359
2001-08-18,0.0,0.0,11.5,30.0,0.0
2001-08-19,0.0,4.446437835693359,13.0,29.0,-4.446437835693359
2001-08-20,0.0,0.0,11.0,31.0,0.0
2001-08-21,8.0,0.0,12.0,32.0,8.0
2001-08-22,0.0,17.266878128051758,13.5,30.0,-17.266878128051758
2001-08-23,0.0,0.0,11.5,30.0,0.0
2001-08-24,0.0,0.0,15.0,29.0,0.0
2001-08-25,5.0,0.0,15.5,30.0,5.0
2001-08-26,44.0,20.29334831237793,15.0,31.5,23.70665168762207
2001-08-27,17.0,0.0,14.5,30.5,17.0
2001-08-28,32.0,10.146674156188965,14.0,31.0,21.853325843811035
2001-08-29,0.0,20.29334831237793,14.0,29.0,-20.29334831237793
2001-08-30,1.0,0.0,13.5,30.0,1.0
2001-08-31,9.0,20.29334831237793,13.0,29.0,-11.29334831237793
2001-09-01,0.0,7.410325527191162,14.0,19.5,-7.410325527191162
2001-09-02,0.0,0.0,13.5,19.5,0.0
2001-09-03,0.0,7.410325527191162,14.0,30.5,-7.410325527191162
2001-09-04,4.0,0.0,13.5,29.0,4.0
2001-09-05,3.0,0.0,15.0,30.0,3.0
2001-09-06,0.0,7.314199924468994,13.5,31.5,-7.314199924468994
2001-09-07,0.0,0.0,12.0,31.0,0.0
2001-09-08,0.0,0.0,13.5,30.5,0.0
2001-09-09,18.0,0.0,13.0,30.0,18.0
2001-09-10,0.0,21.94260025024414,12.5,29.0,-21.94260025024414
2001-09-11,20.0,0.0,14.0,28.0,20.0
2001-09-12,0.0,16.867891311645508,14.0,28.0,-16.867891311645508
2001-09-13,1.0,0.0,13.0,26.0,1.0
2001-09-14,0.0,0.0,12.5,28.5,0.0
2001-09-15,0.0,0.0,11.0,29.0,0.0
2001-09-16,0.0,0.0,10.0,29.5,0.0
2001-09-17,0.0,0.0,11.5,30.0,0.0
2001-09-18,0.0,0.0,12.5,31.0,0.0
2001-09-19,20.0,0.0,12.0,32.0,20.0
2001-09-20,0.0,0.0,11.0,30.5,0.0
2001-09-21,5.0,4.7685956954956055,12.0,31.0,0.23140430450439453
2001-09-22,0.0,0.0,11.0,29.0,0.0
2001-09-23,0.0,9.537191390991213,13.0,28.5,-9.537191390991213
2001-09-24,0.0,0.0,11.0,26.0,0.0
2001-09-25,4.0,0.0,11.5,25.0,4.0
2001-09-26,0.0,0.0,13.0,27.5,0.0
2001-09-27,0.0,0.0,11.0,28.0,0.0
2001-09-28,5.0,0.0,12.0,26.5,5.0
2001-09-29,9.0,0.0,12.5,26.0,9.0
2001-09-30,0.0,0.0,9.0,27.0,0.0
2001-10-01,0.0,0.0,9.5,28.0,0.0
2001-10-02,9.0,0.0,10.0,25.0,9.0
2001-10-03,9.0,0.0,9.0,23.0,9.0
2001-10-04,0.0,0.0,13.0,26.5,0.0
2001-10-05,0.0,0.0,10.0,29.0,0.0
2001-10-06,0.0,0.0,8.0,28.0,0.0
2001-10-07,0.0,0.0,10.0,27.5,0.0
2001-10-08,0.0,9.114569664001465,10.0,29.0,-9.114569664001465
2001-10-09,0.0,0.0,10.0,29.0,0.0
2001-10-10,0.0,0.0,10.0,30.0,0.0
2001-10-11,7.0,4.510092258453369,10.0,30.0,2.489907741546631
2001-10-12,0.0,9.020184516906738,14.0,30.0,-9.020184516906738
2001-10-13,0.0,9.020184516906738,13.0,30.5,-9.020184516906738
2001-10-14,0.0,0.0,13.0,31.0,0.0
2001-10-15,0.0,0.0,11.0,31.0,0.0
2001-10-16,0.0,0.0,14.0,31.0,0.0
2001-10-17,0.0,0.0,11.5,30.0,0.0
2001-10-18,0.0,0.0,9.0,31.0,0.0
2001-10-19,0.0,0.0,11.0,31.0,0.0
2001-10-20,0.0,0.0,6.0,31.0,0.0
2001-10-21,0.0,0.0,11.0,32.0,0.0
2001-10-22,0.0,0.0,14.0,32.0,0.0
2001-10-23,0.0,0.0,14.0,31.0,0.0
2001-10-24,0.0,0.0,11.0,31.0,0.0
2001-10-25,0.0,0.0,10.0,31.0,0.0
2001-10-26,0.0,0.0,13.0,28.0,0.0
2001-10-27,0.0,0.0,8.0,26.0,0.0
2001-10-28,0.0,0.0,3.5,20.0,0.0
2001-10-29,0.0,0.0,4.0,25.0,0.0
2001-10-30,0.0,0.0,5.0,27.0,0.0
2001-10-31,0.0,0.0,0.0,27.0,0.0
2001-11-01,0.0,0.0,4.0,26.0,0.0
2001-11-02,0.0,0.0,3.0,30.0,0.0
2001-11-03,0.0,0.0,4.0,28.5,0.0
2001-11-04,0.0,0.0,9.0,28.0,0.0
2001-11-05,0.0,0.0,6.0,27.0,0.0
2001-11-06,0.0,0.0,6.0,27.5,0.0
2001-11-07,0.0,0.0,6.5,28.5,0.0
2001-11-08,0.0,0.0,5.0,27.5,0.0
2001-11-09,0.0,0.0,7.0,27.0,0.0
2001-11-10,0.0,0.0,7.0,27.5,0.0
2001-11-11,0.0,0.0,6.5,28.0,0.0
2001-11-12,0.0,0.0,5.0,28.5,0.0
2001-11-13,0.0,0.0,5.5,29.0,0.0
2001-11-14,0.0,0.0,5.0,28.0,0.0
2001-11-15,0.0,2.688898801803589,6.5,29.0,-2.688898801803589
2001-11-16,0.0,0.0,7.0,28.5,0.0
2001-11-17,0.0,0.0,6.5,29.0,0.0
2001-11-18,0.0,0.0,6.0,29.0,0.0
2001-11-19,0.0,0.0,4.0,30.0,0.0
2001-11-20,0.0,0.0,5.0,29.5,0.0
2001-11-21,0.0,3.647918701171875,6.0,27.5,-3.647918701171875
2001-11-22,0.0,0.0,4.5,25.0,0.0
2001-11-23,0.0,0.0,3.5,27.0,0.0
2001-11-24,0.0,0.0,2.0,30.0,0.0
2001-11-25,0.0,0.0,3.0,28.5,0.0
2001-11-26,0.0,0.0,4.0,29.5,0.0
2001-11-27,0.0,0.0,4.0,29.5,0.0
2001-11-28,0.0,0.0,0.5,27.0,0.0
2001-11-29,0.0,0.0,3.0,28.5,0.0
2001-11-30,0.0,0.0,2.0,28.0,0.0
2001-12-01,0.0,0.0,1.0,30.0,0.0
2001-12-02,0.0,0.0,2.0,29.0,0.0
2001-12-03,0.0,0.0,7.0,29.0,0.0
2001-12-04,0.0,0.0,8.0,28.5,0.0
2001-12-05,0.0,0.0,7.5,29.5,0.0
2001-12-06,0.0,0.0,6.5,29.0,0.0
2001-12-07,0.0,0.0,5.0,28.0,0.0
2001-12-08,0.0,0.0,4.0,28.0,0.0
2001-12-09,0.0,1.1625361442565918,4.0,28.0,-1.1625361442565918
2001-12-10,0.0,0.0,4.0,28.0,0.0
2001-12-11,0.0,0.7336117029190063,4.0,28.0,-0.7336117029190063
2001-12-12,0.0,0.0,5.0,31.0,0.0
2001-12-13,0.0,0.3668058514595032,6.0,28.0,-0.3668058514595032
2001-12-14,0.0,0.0,5.0,28.5,0.0
2001-12-15,0.0,0.3668058514595032,6.5,29.0,-0.3668058514595032
2001-12-16,0.0,0.0,5.5,29.5,0.0
2001-12-17,0.0,0.0,6.0,28.0,0.0
2001-12-18,0.0,1.2671818733215332,6.5,29.0,-1.2671818733215332
2001-12-19,0.0,0.0,6.5,29.0,0.0
2001-12-20,0.0,0.0,9.0,29.0,0.0
2001-12-21,0.0,0.0,7.5,28.0,0.0
2001-12-22,0.0,0.0,5.5,29.0,0.0
2001-12-23,0.0,0.0,6.0,28.5,0.0
2001-12-24,0.0,1.2151877880096436,5.0,26.0,-1.2151877880096436
2001-12-25,0.0,0.0,7.0,26.0,0.0
2001-12-26,0.0,0.0,6.0,26.0,0.0
2001-12-27,0.0,0.6931577920913696,1.5,26.0,-0.6931577920913696
2001-12-28,0.0,0.0,0.1,24.0,0.0
2001-12-29,0.0,0.6931577920913696,0.5,25.5,-0.6931577920913696
2001-12-30,0.0,0.0,1.0,27.0,0.0
2001-12-31,0.0,0.0,3.0,,0.0
2002-01-01,0.0,0.0,4.0,27.0,0.0
2002-01-02,0.0,0.0,3.0,27.0,0.0
2002-01-03,0.0,0.0,2.0,27.0,0.0
2002-01-04,0.0,0.0,1.0,26.0,0.0
2002-01-05,0.0,0.0,2.5,26.0,0.0
2002-01-06,0.0,0.0,3.0,27.0,0.0
2002-01-07,0.0,0.0,1.0,28.0,0.0
2002-01-08,0.0,0.0,0.0,26.0,0.0
2002-01-09,0.0,0.0,-1.5,28.5,0.0
2002-01-10,0.0,0.3958220183849334,0.5,20.0,-0.3958220183849334
2002-01-11,0.0,0.0,4.0,23.0,0.0
2002-01-12,2.5,1.8578304052352903,3.0,20.0,0.6421695947647097
2002-01-13,0.0,12.947115898132324,4.0,18.0,-12.947115898132324
2002-01-14,0.0,0.0,0.1,23.0,0.0
2002-01-15,0.0,0.0,2.5,20.0,0.0
2002-01-16,0.0,0.0,3.5,26.0,0.0
2002-01-17,0.0,0.0,0.0,27.0,0.0
2002-01-18,0.0,0.0,3.0,30.5,0.0
2002-01-19,0.0,0.0,5.0,29.0,0.0
2002-01-20,0.0,0.0,4.0,30.0,0.0
2002-01-21,0.0,0.0,4.0,29.5,0.0
2002-01-22,0.0,0.0,3.0,29.5,0.0
2002-01-23,0.0,0.0,3.5,27.5,0.0
2002-01-24,0.0,0.0,2.0,27.5,0.0
2002-01-25,0.0,0.0,2.0,28.5,0.0
2002-01-26,0.0,0.0,2.0,28.0,0.0
2002-01-27,0.0,0.0,4.5,27.5,0.0
2002-01-28,0.0,0.0,6.0,31.0,0.0
2002-01-29,0.0,0.0,6.0,30.0,0.0
2002-01-30,0.0,0.0,6.0,30.5,0.0
2002-01-31,0.0,0.0,6.5,,0.0
2002-02-01,0.0,0.0,4.5,29.0,0.0
2002-02-02,0.0,0.0,9.0,28.5,0.0
2002-02-03,0.0,0.0,10.0,30.0,0.0
2002-02-04,0.0,0.0,5.5,30.0,0.0
2002-02-05,0.0,0.0,7.0,28.0,0.0
2002-02-06,0.0,0.0,6.0,28.0,0.0
2002-02-07,0.0,0.0,5.0,27.0,0.0
2002-02-08,0.0,0.0,6.0,26.0,0.0
2002-02-09,0.0,0.0,6.0,29.0,0.0
2002-02-10,0.0,0.0,6.5,28.0,0.0
2002-02-11,7.0,0.0,6.0,28.0,7.0
2002-02-12,2.0,5.659820556640625,5.5,18.0,-3.659820556640625
2002-02-13,0.0,0.0,9.0,19.0,0.0
2002-02-14,0.0,0.0,5.5,22.0,0.0
2002-02-15,0.0,2.8299102783203125,5.0,31.0,-2.8299102783203125
2002-02-16,0.0,0.0,6.0,31.0,0.0
2002-02-17,0.0,0.0,7.0,31.0,0.0
2002-02-18,0.0,0.0,6.0,31.0,0.0
2002-02-19,0.0,0.0,5.0,31.0,0.0
2002-02-20,0.0,0.0,6.0,31.0,0.0
2002-02-21,0.0,0.0,5.0,30.0,0.0
2002-02-22,0.0,0.0,6.0,21.0,0.0
2002-02-23,0.0,0.0,1.0,28.0,0.0
2002-02-24,0.0,0.0,1.5,28.0,0.0
2002-02-25,0.0,0.0,3.0,30.5,0.0
2002-02-26,0.0,0.0,3.0,31.0,0.0
2002-02-27,0.0,0.0,3.0,31.0,0.0
2002-02-28,0.0,0.0,4.0,,0.0
2002-03-01,0.0,0.0,4.0,31.0,0.0
2002-03-02,0.0,0.0,5.0,31.0,0.0
2002-03-03,0.0,0.0,5.5,31.5,0.0
2002-03-04,0.0,0.0,10.0,30.5,0.0
2002-03-05,0.0,0.0,7.0,29.5,0.0
2002-03-06,0.0,0.0,4.0,30.0,0.0
2002-03-07,0.0,0.0,4.0,28.5,0.0
2002-03-08,0.0,0.0,5.0,30.0,0.0
2002-03-09,0.0,0.0,7.0,32.5,0.0
2002-03-10,0.0,0.0,5.5,30.5,0.0
2002-03-11,0.0,0.0,5.0,31.0,0.0
2002-03-12,0.0,1.3656954765319824,5.5,32.5,-1.3656954765319824
2002-03-13,0.0,0.0,6.5,31.5,0.0
2002-03-14,0.0,0.0,6.0,32.0,0.0
2002-03-15,0.0,0.0,6.0,33.5,0.0
2002-03-16,0.0,0.0,5.0,33.0,0.0
2002-03-17,0.0,0.0,6.0,38.0,0.0
2002-03-18,0.0,0.0,6.5,33.0,0.0
2002-03-19,0.0,0.0,6.5,33.5,0.0
2002-03-20,0.0,0.0,10.0,34.0,0.0
2002-03-21,0.0,0.0,1.0,33.0,0.0
2002-03-22,0.0,0.0,8.0,30.0,0.0
2002-03-23,0.0,0.0,7.0,32.5,0.0
2002-03-24,0.0,0.0,7.0,32.0,0.0
2002-03-25,0.0,0.0,6.5,34.0,0.0
2002-03-26,0.0,0.0,7.0,37.0,0.0
2002-03-27,0.0,0.0,6.5,37.5,0.0
2002-03-28,0.0,0.0,7.0,37.5,0.0
2002-03-29,0.0,0.0,11.0,37.0,0.0
2002-03-30,0.0,0.0,10.5,37.0,0.0
2002-03-31,0.0,0.0,10.5,37.0,0.0
2002-04-01,0.0,0.0,,34.5,0.0
2002-04-02,0.0,0.0,8.0,35.5,0.0
2002-04-03,0.0,0.0,8.5,36.0,0.0
2002-04-04,0.0,0.0,8.0,35.0,0.0
2002-04-05,0.0,0.0,8.5,36.0,0.0
2002-04-06,0.0,0.0,14.0,35.0,0.0
2002-04-07,0.0,0.0,7.5,35.0,0.0
2002-04-08,0.0,0.0,7.0,36.0,0.0
2002-04-09,0.0,0.0,8.0,36.5,0.0
2002-04-10,0.0,0.0,8.0,35.0,0.0
2002-04-11,0.0,0.0,7.5,34.0,0.0
2002-04-12,0.0,0.0,8.5,34.0,0.0
2002-04-13,0.0,0.0,10.0,35.0,0.0
2002-04-14,0.0,0.0,9.0,35.5,0.0
2002-04-15,0.0,0.0,11.0,36.0,0.0
2002-04-16,0.0,0.0,10.5,34.0,0.0
2002-04-17,0.0,0.0,10.5,36.0,0.0
2002-04-18,0.0,0.0,12.0,36.5,0.0
2002-04-19,0.0,0.0,11.0,38.0,0.0
2002-04-20,0.0,0.0,11.5,36.5,0.0
2002-04-21,0.0,0.0,12.0,37.0,0.0
2002-04-22,0.0,0.0,13.0,38.0,0.0
2002-04-23,0.0,0.0,13.0,38.0,0.0
2002-04-24,0.0,0.0,13.0,38.0,0.0
2002-04-25,0.0,0.0,12.0,38.0,0.0
2002-04-26,0.0,0.0,12.0,39.0,0.0
2002-04-27,0.0,0.0,12.0,38.5,0.0
2002-04-28,0.0,0.0,13.0,38.0,0.0
2002-04-29,0.0,0.0,13.5,29.0,0.0
2002-04-30,0.0,0.0,12.0,,0.0
2002-05-01,0.0,0.0,,37.5,0.0
2002-05-02,0.0,0.0,11.5,38.0,0.0
2002-05-03,0.0,0.0,12.5,37.5,0.0
2002-05-04,0.0,0.0,13.0,38.0,0.0
2002-05-05,3.0,0.0,13.0,39.0,3.0
2002-05-06,5.0,0.0,13.0,38.0,5.0
2002-05-07,0.0,4.958434104919434,12.0,37.5,-4.958434104919434
2002-05-08,0.0,0.0,13.0,35.5,0.0
2002-05-09,0.0,0.0,13.0,36.0,0.0
2002-05-10,0.0,0.0,11.0,38.0,0.0
2002-05-11,7.7,0.0,12.0,38.0,7.7
2002-05-12,0.0,2.2161200046539307,13.0,37.0,-2.2161200046539307
2002-05-13,0.0,0.0,10.0,36.0,0.0
2002-05-14,1.9,2.2161200046539307,9.0,34.5,-0.31612000465393075
2002-05-15,0.0,8.864480018615723,13.5,33.0,-8.864480018615723
2002-05-16,0.0,0.0,14.0,34.0,0.0
2002-05-17,0.0,0.0,14.0,34.0,0.0
2002-05-18,0.0,0.0,12.0,32.0,0.0
2002-05-19,0.0,0.0,11.0,34.0,0.0
2002-05-20,2.0,0.0,11.5,36.0,2.0
2002-05-21,0.0,2.241251230239868,9.5,35.5,-2.241251230239868
2002-05-22,0.0,0.0,12.0,34.5,0.0
2002-05-23,0.0,0.0,9.0,39.5,0.0
2002-05-24,0.0,0.0,12.0,34.0,0.0
2002-05-25,0.0,0.0,12.5,32.0,0.0
2002-05-26,0.0,0.0,12.5,36.0,0.0
2002-05-27,0.0,7.1365885734558105,12.0,34.0,-7.1365885734558105
2002-05-28,0.0,3.5682942867279053,12.0,35.0,-3.5682942867279053
2002-05-29,0.0,0.0,13.0,34.0,0.0
2002-05-30,6.0,3.5682942867279053,14.0,38.0,2.4317057132720947
2002-05-31,0.0,7.1365885734558105,12.0,35.0,-7.1365885734558105
2002-06-01,0.0,0.0,12.0,35.0,0.0
2002-06-02,0.0,0.0,13.0,34.0,0.0
2002-06-03,0.0,0.0,12.0,35.0,0.0
2002-06-04,13.4,0.0,11.0,34.0,13.4
2002-06-05,0.0,0.0,12.0,36.0,0.0
2002-06-06,0.0,5.989519119262695,12.0,36.0,-5.989519119262695
2002-06-07,8.0,0.0,13.0,35.0,8.0
2002-06-08,0.0,0.0,14.0,34.0,0.0
2002-06-09,0.0,5.989519119262695,15.0,35.5,-5.989519119262695
2002-06-10,0.0,11.97903823852539,11.5,36.0,-11.97903823852539
2002-06-11,4.0,8.47909927368164,11.0,34.0,-4.479099273681641
2002-06-12,14.0,8.47909927368164,15.5,32.0,5.520900726318359
2002-06-13,12.5,25.437299728393555,14.0,29.5,-12.937299728393555
2002-06-14,0.0,8.47909927368164,14.0,32.0,-8.47909927368164
2002-06-15,0.5,8.47909927368164,15.0,33.5,-7.979099273681641
2002-06-16,0.0,0.0,14.5,35.0,0.0
2002-06-17,0.0,0.0,14.0,34.0,0.0
2002-06-18,0.0,2.8882668018341064,14.5,36.0,-2.8882668018341064
2002-06-19,0.0,5.776533603668213,11.0,36.0,-5.776533603668213
2002-06-20,0.0,2.8882668018341064,14.0,35.0,-2.8882668018341064
2002-06-21,0.0,0.0,16.0,36.0,0.0
2002-06-22,0.0,0.0,15.0,35.0,0.0
2002-06-23,0.0,13.482823371887209,14.0,34.0,-13.482823371887209
2002-06-24,0.0,0.0,14.0,34.0,0.0
2002-06-25,39.0,13.482823371887209,13.0,36.0,25.517176628112793
2002-06-26,0.0,0.0,14.0,34.0,0.0
2002-06-27,0.0,9.01608180999756,13.5,34.0,-9.01608180999756
2002-06-28,0.0,3.0053606033325195,15.0,35.0,-3.0053606033325195
2002-06-29,0.0,6.010721206665039,16.0,36.0,-6.010721206665039
2002-06-30,0.0,6.010721206665039,17.0,,-6.010721206665039
2002-07-01,0.0,7.061360359191895,17.0,35.0,-7.061360359191895
2002-07-02,0.0,0.0,16.0,34.0,0.0
2002-07-03,0.0,10.592040061950684,15.0,34.0,-10.592040061950684
2002-07-04,7.9,10.592040061950684,17.0,30.0,-2.6920400619506832
2002-07-05,4.3,7.061360359191895,13.0,34.0,-2.7613603591918956
2002-07-06,6.8,12.603918075561523,11.0,32.0,-5.803918075561524
2002-07-07,8.2,37.81175231933594,10.5,34.0,-29.611752319335938
2002-07-08,0.0,12.603918075561523,12.0,33.0,-12.603918075561523
2002-07-09,0.0,0.0,12.0,34.0,0.0
2002-07-10,30.6,0.0,11.5,38.0,30.6
2002-07-11,40.9,16.320098876953125,13.0,29.0,24.579901123046874
2002-07-12,0.3,8.160049438476562,12.0,27.0,-7.860049438476563
2002-07-13,0.0,8.160049438476562,13.5,29.5,-8.160049438476562
2002-07-14,10.9,0.0,15.5,29.0,10.9
2002-07-15,3.4,20.40012550354004,15.0,22.0,-17.00012550354004
2002-07-16,0.4,0.0,14.5,29.0,0.4
2002-07-17,0.3,0.0,14.5,28.0,0.3
2002-07-18,3.3,5.699600696563721,14.0,29.0,-2.399600696563721
2002-07-19,2.3,11.39920139312744,13.0,30.0,-9.09920139312744
2002-07-20,7.0,11.39920139312744,14.0,29.0,-4.39920139312744
2002-07-21,27.7,6.0413103103637695,13.0,29.5,21.65868968963623
2002-07-22,26.0,12.08262062072754,14.0,26.0,13.91737937927246
2002-07-23,14.0,12.08262062072754,14.5,25.0,1.9173793792724592
2002-07-24,0.0,6.0413103103637695,13.0,27.0,-6.0413103103637695
2002-07-25,1.5,6.0413103103637695,12.0,28.0,-4.5413103103637695
2002-07-26,0.0,0.0,13.0,30.0,0.0
2002-07-27,0.0,6.5185747146606445,13.0,30.0,-6.5185747146606445
2002-07-28,0.4,0.0,12.5,30.5,0.4
2002-07-29,0.3,13.037149429321287,13.0,27.0,-12.737149429321287
2002-07-30,0.2,6.5185747146606445,12.0,26.5,-6.318574714660644
2002-07-31,2.1,0.0,12.0,29.0,2.1
2002-08-01,6.4,6.8854756355285645,13.0,30.0,-0.4854756355285641
2002-08-02,0.0,6.8854756355285645,13.0,29.0,-6.8854756355285645
2002-08-03,19.0,0.0,11.0,30.0,19.0
2002-08-04,1.5,3.4427378177642822,11.0,27.0,-1.9427378177642822
2002-08-05,0.0,3.4427378177642822,12.5,29.0,-3.4427378177642822
2002-08-06,0.0,0.0,11.0,29.0,0.0
2002-08-07,0.0,3.4697980880737305,12.0,29.0,-3.4697980880737305
2002-08-08,0.0,6.939596176147461,11.5,29.5,-6.939596176147461
2002-08-09,0.0,0.0,11.5,30.5,0.0
2002-08-10,0.0,3.4697980880737305,11.0,30.0,-3.4697980880737305
2002-08-11,0.0,0.0,12.0,29.0,0.0
2002-08-12,8.2,0.0,12.5,30.0,8.2
2002-08-13,0.0,16.844688415527344,13.0,30.0,-16.844688415527344
2002-08-14,0.0,16.844688415527344,12.0,30.0,-16.844688415527344
2002-08-15,18.2,8.422344207763672,12.0,30.0,9.777655792236327
2002-08-16,39.7,27.33768844604492,13.0,30.0,12.362311553955085
2002-08-17,15.5,6.834422111511231,14.0,29.5,8.66557788848877
2002-08-18,11.6,0.0,12.0,29.0,11.6
2002-08-19,20.0,13.66884422302246,14.0,28.0,6.331155776977541
2002-08-20,8.0,6.834422111511231,14.0,29.0,1.1655778884887686
2002-08-21,0.0,4.442407131195068,13.0,29.0,-4.442407131195068
2002-08-22,0.0,2.221203565597534,12.0,29.0,-2.221203565597534
2002-08-23,0.0,2.221203565597534,12.0,29.5,-2.221203565597534
2002-08-24,0.0,0.0,11.0,29.0,0.0
2002-08-25,5.7,8.884814262390137,12.0,28.0,-3.1848142623901365
2002-08-26,2.0,19.249805450439453,10.0,28.0,-17.249805450439453
2002-08-27,0.0,0.0,11.0,29.0,0.0
2002-08-28,0.0,0.0,10.5,29.0,0.0
2002-08-29,0.0,0.0,10.0,28.0,0.0
2002-08-30,0.0,0.0,11.0,29.0,0.0
2002-08-31,0.0,0.0,12.0,28.0,0.0
2002-09-01,6.0,12.950088500976562,11.5,28.5,-6.9500885009765625
2002-09-02,0.0,12.950088500976562,11.5,28.0,-12.950088500976562
2002-09-03,0.0,0.0,12.5,29.0,0.0
2002-09-04,0.0,0.0,12.5,29.0,0.0
2002-09-05,18.0,8.633392333984375,13.0,29.5,9.366607666015625
2002-09-06,0.0,9.516497611999512,11.0,30.0,-9.516497611999512
2002-09-07,0.0,6.344332218170166,14.5,29.5,-6.344332218170166
2002-09-08,0.0,0.0,12.0,29.0,0.0
2002-09-09,0.0,0.0,14.0,30.5,0.0
2002-09-10,2.0,3.172166109085083,12.0,28.0,-1.172166109085083
2002-09-11,12.0,8.83114242553711,15.0,28.5,3.1688575744628906
2002-09-12,9.0,4.415571212768555,12.0,29.0,4.584428787231445
2002-09-13,16.0,13.24671459197998,13.0,29.0,2.7532854080200195
2002-09-14,5.0,8.83114242553711,13.0,28.5,-3.8311424255371094
2002-09-15,0.0,13.24671459197998,12.0,29.5,-13.24671459197998
2002-09-16,0.0,0.0,13.0,30.0,0.0
2002-09-17,0.0,3.8151025772094727,13.0,30.0,-3.8151025772094727
2002-09-18,0.0,7.630205154418945,13.5,29.5,-7.630205154418945
2002-09-19,0.0,0.0,15.0,29.0,0.0
2002-09-20,0.0,3.8151025772094727,14.0,29.0,-3.8151025772094727
2002-09-21,0.0,7.372811794281006,13.0,30.5,-7.372811794281006
2002-09-22,0.0,0.0,11.5,30.0,0.0
2002-09-23,0.0,0.0,12.5,29.0,0.0
2002-09-24,0.0,0.0,12.0,29.0,0.0
2002-09-25,3.0,0.0,13.0,28.0,3.0
2002-09-26,7.0,0.0,11.0,27.0,7.0
2002-09-27,8.0,0.0,8.0,27.5,8.0
2002-09-28,0.0,0.0,13.5,27.0,0.0
2002-09-29,0.0,17.667766571044922,13.0,27.5,-17.667766571044922
2002-09-30,0.0,0.0,12.0,28.0,0.0
2002-10-01,0.0,0.0,12.0,28.5,0.0
2002-10-02,0.0,0.0,13.0,29.0,0.0
2002-10-03,0.0,7.61107063293457,14.5,29.0,-7.61107063293457
2002-10-04,0.0,0.0,13.0,28.5,0.0
2002-10-05,25.0,7.61107063293457,12.5,29.0,17.38892936706543
2002-10-06,0.0,11.422969818115234,13.0,29.0,-11.422969818115234
2002-10-07,0.0,0.0,12.0,28.0,0.0
2002-10-08,0.0,0.0,11.0,28.0,0.0
2002-10-09,0.0,0.0,12.0,27.5,0.0
2002-10-10,7.0,0.0,11.5,29.0,7.0
2002-10-11,0.0,2.2029826641082764,11.0,28.5,-2.2029826641082764
2002-10-12,0.0,0.0,10.0,29.0,0.0
2002-10-13,0.0,4.405965328216553,11.0,29.0,-4.405965328216553
2002-10-14,0.0,0.0,11.5,29.5,0.0
2002-10-15,0.0,0.0,10.0,28.5,0.0
2002-10-16,0.0,0.0,10.5,28.5,0.0
2002-10-17,0.0,0.0,10.0,28.5,0.0
2002-10-18,0.0,0.0,11.0,28.0,0.0
2002-10-19,18.0,6.855949401855469,10.0,28.0,11.144050598144531
2002-10-20,0.0,6.855949401855469,9.0,28.0,-6.855949401855469
2002-10-21,0.0,0.0,10.0,29.0,0.0
2002-10-22,0.0,0.0,9.0,29.0,0.0
2002-10-23,0.0,0.0,11.0,28.0,0.0
2002-10-24,5.0,0.0,11.0,28.0,5.0
2002-10-25,0.0,26.14768409729004,11.5,28.0,-26.14768409729004
2002-10-26,0.0,0.0,11.0,29.0,0.0
2002-10-27,0.0,0.0,11.0,29.0,0.0
2002-10-28,0.0,0.0,9.0,28.0,0.0
2002-10-29,0.0,0.0,11.0,28.0,0.0
2002-10-30,0.0,0.0,11.0,29.0,0.0
2002-10-31,0.0,0.0,12.0,,0.0
2002-11-01,0.0,0.0,12.0,29.0,0.0
2002-11-02,0.0,0.0,11.0,28.0,0.0
2002-11-03,23.0,18.792591094970703,10.0,28.0,4.207408905029297
2002-11-04,17.0,18.792591094970703,9.5,30.0,-1.7925910949707031
2002-11-05,10.0,0.0,10.0,27.0,10.0
2002-11-06,0.0,2.859415292739868,11.0,27.0,-2.859415292739868
2002-11-07,0.0,0.0,7.0,27.0,0.0
2002-11-08,0.0,0.0,7.0,27.0,0.0
2002-11-09,0.0,0.0,10.0,28.0,0.0
2002-11-10,2.0,0.0,7.0,28.5,2.0
2002-11-11,0.0,0.0,7.0,28.0,0.0
2002-11-12,0.0,0.0,8.0,29.0,0.0
2002-11-13,0.0,0.0,7.5,25.5,0.0
2002-11-14,0.0,0.0,7.0,24.0,0.0
2002-11-15,0.0,0.0,5.5,24.0,0.0
2002-11-16,0.0,0.0,7.0,24.5,0.0
2002-11-17,0.0,0.0,5.0,24.5,0.0
2002-11-18,0.0,0.0,2.0,27.0,0.0
2002-11-19,0.0,0.0,2.0,25.0,0.0
2002-11-20,0.0,0.0,2.0,26.5,0.0
2002-11-21,0.0,0.0,5.0,25.0,0.0
2002-11-22,0.0,0.0,6.0,25.0,0.0
2002-11-23,0.0,0.0,3.0,26.0,0.0
2002-11-24,0.0,0.0,4.0,26.0,0.0
2002-11-25,0.0,0.0,4.0,27.0,0.0
2002-11-26,0.0,0.0,5.0,27.0,0.0
2002-11-27,0.0,2.091380834579468,3.0,27.0,-2.091380834579468
2002-11-28,5.0,1.3942539691925049,5.0,26.0,3.605746030807495
2002-11-29,0.0,0.0,5.0,27.0,0.0
2002-11-30,0.0,0.0,4.0,27.0,0.0
2002-12-01,0.0,0.0,,27.5,0.0
2002-12-02,0.0,0.0,8.5,28.5,0.0
2002-12-03,0.0,0.0,9.0,26.0,0.0
2002-12-04,0.0,0.0,4.0,24.0,0.0
2002-12-05,0.0,0.0,4.5,24.0,0.0
2002-12-06,0.0,0.0,3.5,23.0,0.0
2002-12-07,0.0,0.0,5.0,23.0,0.0
2002-12-08,0.0,0.0,6.0,25.0,0.0
2002-12-09,0.0,0.0,3.5,24.0,0.0
2002-12-10,0.0,0.0,2.0,25.5,0.0
2002-12-11,0.0,0.0,3.0,20.0,0.0
2002-12-12,0.0,0.0,2.0,24.0,0.0
2002-12-13,0.0,0.5539889931678772,4.0,24.0,-0.5539889931678772
2002-12-14,0.0,1.1079779863357544,5.5,20.0,-1.1079779863357544
2002-12-15,0.0,1.6619670391082764,1.0,24.0,-1.6619670391082764
2002-12-16,0.0,0.0,1.0,24.0,0.0
2002-12-17,0.0,0.0,1.0,20.0,0.0
2002-12-18,0.0,0.0,0.0,22.0,0.0
2002-12-19,0.0,0.0,0.1,22.5,0.0
2002-12-20,0.0,0.0,0.0,23.5,0.0
2002-12-21,0.0,0.0,2.0,24.0,0.0
2002-12-22,0.0,0.0,3.5,28.0,0.0
2002-12-23,0.0,0.0,4.0,20.0,0.0
2002-12-24,0.0,0.0,2.5,23.0,0.0
2002-12-25,0.0,0.0,3.0,24.0,0.0
2002-12-26,0.0,3.039597272872925,2.0,23.5,-3.039597272872925
2002-12-27,0.0,0.0,3.0,24.5,0.0
2002-12-28,0.0,0.0,6.0,27.0,0.0
2002-12-29,0.0,0.0,5.5,27.0,0.0
2002-12-30,0.0,0.0,5.0,26.0,0.0
2002-12-31,0.0,0.0,6.5,,0.0
2003-01-01,0.0,0.0,4.0,27.0,0.0
2003-01-02,0.0,0.0,5.5,26.0,0.0
2003-01-03,0.0,0.0,7.0,23.0,0.0
2003-01-04,0.0,0.0,6.5,27.0,0.0
2003-01-05,0.0,0.0,5.0,26.5,0.0
2003-01-06,0.0,0.0,5.5,28.0,0.0
2003-01-07,0.0,4.488895893096924,7.5,23.0,-4.488895893096924
2003-01-08,0.0,0.0,6.0,22.0,0.0
2003-01-09,0.0,0.0,5.0,27.0,0.0
2003-01-10,0.0,0.0,5.0,27.0,0.0
2003-01-11,0.0,0.0,6.5,25.5,0.0
2003-01-12,0.0,0.0,4.0,26.0,0.0
2003-01-13,0.0,0.0,3.0,25.0,0.0
2003-01-14,0.0,0.0,3.0,26.0,0.0
2003-01-15,0.0,0.0,4.5,24.0,0.0
2003-01-16,0.0,0.0,4.0,23.0,0.0
2003-01-17,0.0,0.0,4.0,21.5,0.0
2003-01-18,0.0,0.0,3.0,24.0,0.0
2003-01-19,0.0,0.0,4.0,24.5,0.0
2003-01-20,0.0,0.0,3.5,23.5,0.0
2003-01-21,0.0,0.0,3.0,22.0,0.0
2003-01-22,0.0,0.0,4.0,24.0,0.0
2003-01-23,0.0,0.0,3.0,27.0,0.0
2003-01-24,0.0,0.0,3.0,24.0,0.0
2003-01-25,0.0,0.0,2.0,22.0,0.0
2003-01-26,0.0,4.518959045410156,1.0,21.0,-4.518959045410156
2003-01-27,0.0,0.0,2.0,24.0,0.0
2003-01-28,0.0,0.0,3.0,22.0,0.0
2003-01-29,0.0,0.0,3.5,25.5,0.0
2003-01-30,0.0,0.0,5.5,26.0,0.0
2003-01-31,0.0,0.0,5.0,25.0,0.0
2003-02-01,0.0,0.0,4.0,28.0,0.0
2003-02-02,0.0,0.0,6.0,27.0,0.0
2003-02-03,0.0,0.0,7.0,26.0,0.0
2003-02-04,0.0,0.0,5.0,26.0,0.0
2003-02-05,0.0,0.0,6.0,25.0,0.0
2003-02-06,0.0,0.0,7.0,27.0,0.0
2003-02-07,0.0,0.0,7.0,29.0,0.0
2003-02-08,0.0,0.0,6.0,27.0,0.0
2003-02-09,0.0,0.0,6.0,28.0,0.0
2003-02-10,0.0,0.0,4.0,27.0,0.0
2003-02-11,0.0,0.0,4.0,27.0,0.0
2003-02-12,0.0,0.0,3.0,28.5,0.0
2003-02-13,0.0,0.0,6.0,27.0,0.0
2003-02-14,0.0,0.0,6.0,24.0,0.0
2003-02-15,0.0,0.0,4.0,27.0,0.0
2003-02-16,0.0,0.0,4.5,28.0,0.0
2003-02-17,0.0,0.0,4.0,29.0,0.0
2003-02-18,0.0,0.0,5.5,28.5,0.0
2003-02-19,0.0,0.0,4.5,26.0,0.0
2003-02-20,0.0,0.0,5.0,24.5,0.0
2003-02-21,0.0,0.0,0.5,22.5,0.0
2003-02-22,0.0,0.0,2.5,22.0,0.0
2003-02-23,0.0,0.0,2.5,26.5,0.0
2003-02-24,0.0,0.0,3.0,28.0,0.0
2003-02-25,0.0,0.0,5.0,26.0,0.0
2003-02-26,0.0,3.074328899383545,3.0,27.5,-3.074328899383545
2003-02-27,0.0,0.0,4.5,27.5,0.0
2003-02-28,0.0,0.0,4.5,27.5,0.0
2003-03-01,0.0,0.0,4.0,28.0,0.0
2003-03-02,0.0,0.0,5.0,30.0,0.0
2003-03-03,0.0,0.0,4.0,30.5,0.0
2003-03-04,0.0,0.0,4.5,30.0,0.0
2003-03-05,0.0,0.0,5.0,30.0,0.0
2003-03-06,0.0,0.0,5.0,31.0,0.0
2003-03-07,0.0,0.0,6.5,30.5,0.0
2003-03-08,0.0,0.0,7.5,32.5,0.0
2003-03-09,0.0,0.0,9.5,34.0,0.0
2003-03-10,0.0,0.0,9.0,31.0,0.0
2003-03-11,0.0,0.0,9.0,30.0,0.0
2003-03-12,0.0,0.0,8.5,29.0,0.0
2003-03-13,0.0,0.0,7.0,29.0,0.0
2003-03-14,0.0,0.0,5.0,28.0,0.0
2003-03-15,0.0,0.0,5.0,32.0,0.0
2003-03-16,0.0,0.0,3.0,28.5,0.0
2003-03-17,0.0,0.0,4.0,26.5,0.0
2003-03-18,0.0,0.0,2.5,26.0,0.0
2003-03-19,0.0,0.0,1.0,27.0,0.0
2003-03-20,0.0,0.0,5.0,28.5,0.0
2003-03-21,0.0,0.0,7.0,29.0,0.0
2003-03-22,0.0,0.0,4.0,28.5,0.0
2003-03-23,0.0,0.0,7.0,31.0,0.0
2003-03-24,0.0,0.0,4.5,30.0,0.0
2003-03-25,0.0,0.0,6.0,30.5,0.0
2003-03-26,0.0,0.0,6.5,30.0,0.0
2003-03-27,0.0,0.0,7.0,30.5,0.0
2003-03-28,0.0,0.9788496494293212,8.0,31.0,-0.9788496494293212
2003-03-29,0.0,0.0,9.0,28.0,0.0
2003-03-30,0.0,0.0,4.0,28.0,0.0
2003-03-31,0.0,2.936548948287964,4.0,29.0,-2.936548948287964
2003-04-01,0.0,0.0,8.0,30.0,0.0
2003-04-02,0.0,1.837448716163636,10.0,28.5,-1.837448716163636
2003-04-03,0.0,0.0,11.0,31.0,0.0
2003-04-04,0.0,0.0,8.5,31.0,0.0
2003-04-05,0.0,0.0,10.0,33.5,0.0
2003-04-06,0.0,0.0,8.5,33.0,0.0
2003-04-07,0.0,1.8952211141586304,10.5,33.0,-1.8952211141586304
2003-04-08,0.0,0.0,13.0,33.0,0.0
2003-04-09,0.0,0.0,12.0,32.0,0.0
2003-04-10,0.0,1.8952211141586304,13.0,32.0,-1.8952211141586304
2003-04-11,0.0,0.0,11.0,32.0,0.0
2003-04-12,0.0,0.0,12.0,33.0,0.0
2003-04-13,0.0,0.0,12.0,33.0,0.0
2003-04-14,0.0,0.0,7.0,31.0,0.0
2003-04-15,0.0,0.0,8.0,33.0,0.0
2003-04-16,0.0,0.0,9.0,32.0,0.0
2003-04-17,0.0,0.0,7.0,33.5,0.0
2003-04-18,0.0,0.0,10.0,35.0,0.0
2003-04-19,0.0,0.0,10.0,34.0,0.0
2003-04-20,0.0,0.0,11.0,35.0,0.0
2003-04-21,0.0,0.0,9.0,35.0,0.0
2003-04-22,0.0,0.0,11.0,34.0,0.0
2003-04-23,0.0,0.0,10.0,34.0,0.0
2003-04-24,0.0,0.0,11.0,33.0,0.0
2003-04-25,0.0,0.0,11.0,33.0,0.0
2003-04-26,0.0,0.0,12.0,35.0,0.0
2003-04-27,0.0,0.0,12.0,35.0,0.0
2003-04-28,0.0,0.0,12.0,34.0,0.0
2003-04-29,0.0,0.0,10.0,33.5,0.0
2003-04-30,0.0,0.0,9.0,37.5,0.0
2003-05-01,0.0,0.0,9.5,36.5,0.0
2003-05-02,0.0,0.0,10.5,36.5,0.0
2003-05-03,0.0,0.0,10.0,37.0,0.0
2003-05-04,0.0,0.0,9.0,37.0,0.0
2003-05-05,0.0,0.0,10.0,37.0,0.0
2003-05-06,0.0,0.0,2.5,33.0,0.0
2003-05-07,0.0,0.0,9.0,34.0,0.0
2003-05-08,0.0,0.0,9.0,36.0,0.0
2003-05-09,0.0,0.0,10.0,35.0,0.0
2003-05-10,0.0,0.0,9.5,34.0,0.0
2003-05-11,0.0,0.0,8.5,34.0,0.0
2003-05-12,0.0,0.0,9.0,34.5,0.0
2003-05-13,0.0,0.0,11.0,36.0,0.0
2003-05-14,0.0,0.0,9.0,35.0,0.0
2003-05-15,0.0,0.0,9.0,35.0,0.0
2003-05-16,0.0,0.0,10.0,25.0,0.0
2003-05-17,0.0,0.0,11.5,33.5,0.0
2003-05-18,0.0,0.0,10.0,33.5,0.0
2003-05-19,0.0,0.0,9.0,34.5,0.0
2003-05-20,0.0,0.0,11.5,35.0,0.0
2003-05-21,0.0,0.0,10.5,36.0,0.0
2003-05-22,0.0,0.0,13.0,35.5,0.0
2003-05-23,0.0,3.700552701950073,15.0,34.0,-3.700552701950073
2003-05-24,0.0,5.550828456878662,9.0,33.5,-5.550828456878662
2003-05-25,0.0,3.700552701950073,11.0,34.0,-3.700552701950073
2003-05-26,0.0,0.0,10.0,35.0,0.0
2003-05-27,0.0,0.0,10.0,34.0,0.0
2003-05-28,0.0,0.0,12.0,34.0,0.0
2003-05-29,0.0,0.0,11.5,34.0,0.0
2003-05-30,0.0,0.0,12.0,35.0,0.0
2003-05-31,0.0,3.842583417892456,13.0,35.0,-3.842583417892456
2003-06-01,0.0,0.0,14.0,36.0,0.0
2003-06-02,36.0,0.0,14.0,33.0,36.0
2003-06-03,0.0,0.0,14.0,34.0,0.0
2003-06-04,0.0,0.0,13.0,35.0,0.0
2003-06-05,10.0,22.84880828857422,14.0,32.0,-12.848808288574219
2003-06-06,0.0,0.0,13.0,33.0,0.0
2003-06-07,0.0,0.0,12.0,34.0,0.0
2003-06-08,4.0,0.0,13.5,33.0,4.0
2003-06-09,40.0,24.54088020324707,13.0,29.0,15.45911979675293
2003-06-10,3.0,30.676101684570312,12.0,26.0,-27.676101684570312
2003-06-11,16.0,0.0,13.0,30.0,16.0
2003-06-12,16.0,24.00452041625977,14.0,30.0,-8.00452041625977
2003-06-13,0.0,0.0,13.5,30.0,0.0
2003-06-14,0.0,6.001130104064941,13.5,29.0,-6.001130104064941
2003-06-15,0.0,18.00339126586914,13.0,29.0,-18.00339126586914
2003-06-16,0.0,20.080093383789062,13.0,28.0,-20.080093383789062
2003-06-17,3.0,0.0,12.5,30.0,3.0
2003-06-18,0.0,0.0,13.5,28.5,0.0
2003-06-19,0.0,0.0,14.5,30.0,0.0
2003-06-20,3.0,0.0,14.0,29.0,3.0
2003-06-21,5.0,10.388166427612305,15.0,27.5,-5.388166427612305
2003-06-22,12.0,10.388166427612305,16.0,28.0,1.6118335723876953
2003-06-23,5.0,10.388166427612305,11.0,29.0,-5.388166427612305
2003-06-24,0.0,15.582249641418455,13.0,30.0,-15.582249641418455
2003-06-25,0.0,15.582249641418455,14.0,30.0,-15.582249641418455
2003-06-26,0.0,0.0,14.0,29.0,0.0
2003-06-27,0.0,0.0,13.0,24.5,0.0
2003-06-28,0.0,0.0,13.0,29.0,0.0
2003-06-29,0.0,0.0,14.0,29.0,0.0
2003-06-30,0.0,9.577983856201172,13.5,29.0,-9.577983856201172
2003-07-01,0.0,0.0,13.0,29.0,0.0
2003-07-02,0.0,0.0,14.5,27.0,0.0
2003-07-03,0.0,8.61099910736084,14.0,28.0,-8.61099910736084
2003-07-04,0.0,0.0,15.0,27.0,0.0
2003-07-05,0.0,0.0,15.0,27.0,0.0
2003-07-06,46.0,17.846206665039062,15.0,27.0,28.153793334960938
2003-07-07,47.3,17.846206665039062,13.5,28.0,29.453793334960935
2003-07-08,23.0,26.7693099975586,14.0,27.0,-3.769309997558601
2003-07-09,28.2,26.7693099975586,14.0,26.0,1.4306900024413984
2003-07-10,6.0,8.923103332519531,13.5,26.5,-2.9231033325195312
2003-07-11,0.0,7.94339656829834,13.5,27.0,-7.94339656829834
2003-07-12,0.0,0.0,10.0,27.0,0.0
2003-07-13,0.0,0.0,11.0,27.0,0.0
2003-07-14,0.0,0.0,11.5,27.0,0.0
2003-07-15,0.0,0.0,14.0,27.0,0.0
2003-07-16,9.5,0.0,14.0,30.0,9.5
2003-07-17,36.5,9.909676551818848,12.0,27.0,26.590323448181152
2003-07-18,1.0,19.81935310363769,13.0,26.5,-18.81935310363769
2003-07-19,1.0,9.909676551818848,10.5,27.0,-8.909676551818848
2003-07-20,6.0,0.0,13.0,27.0,6.0
2003-07-21,12.2,4.482912063598633,10.5,29.0,7.7170879364013665
2003-07-22,0.0,4.482912063598633,12.5,28.5,-4.482912063598633
2003-07-23,2.8,8.965824127197266,14.5,28.5,-6.165824127197266
2003-07-24,8.4,4.482912063598633,12.5,29.0,3.9170879364013675
2003-07-25,12.5,4.482912063598633,12.5,28.5,8.017087936401367
2003-07-26,11.5,0.0,13.5,27.5,11.5
2003-07-27,1.5,0.0,13.0,27.5,1.5
2003-07-28,10.4,20.350940704345703,14.0,27.5,-9.950940704345703
2003-07-29,35.0,20.350940704345703,13.0,28.0,14.649059295654297
2003-07-30,8.5,30.526412963867188,13.5,27.5,-22.026412963867188
2003-07-31,60.0,20.350940704345703,13.5,27.0,39.6490592956543
2003-08-01,7.0,4.673328876495361,13.5,23.5,2.3266711235046387
2003-08-02,0.0,0.0,13.5,24.0,0.0
2003-08-03,0.0,4.673328876495361,12.0,28.5,-4.673328876495361
2003-08-04,0.0,0.0,12.5,28.0,0.0
2003-08-05,18.0,14.019986152648926,11.5,27.5,3.980013847351074
2003-08-06,3.0,11.551443099975586,11.5,28.5,-8.551443099975586
2003-08-07,0.0,5.775721549987793,13.0,28.0,-5.775721549987793
2003-08-08,0.0,0.0,14.0,28.0,0.0
2003-08-09,0.0,0.0,12.0,27.0,0.0
2003-08-10,0.0,0.0,13.0,28.0,0.0
2003-08-11,0.0,0.0,10.0,28.0,0.0
2003-08-12,49.0,0.0,11.5,23.5,49.0
2003-08-13,0.0,20.897504806518555,11.5,27.5,-20.897504806518555
2003-08-14,0.0,10.448752403259276,13.5,27.0,-10.448752403259276
2003-08-15,0.0,0.0,14.0,27.0,0.0
2003-08-16,0.0,0.0,14.0,27.5,0.0
2003-08-17,0.0,9.558905601501465,10.0,27.0,-9.558905601501465
2003-08-18,7.0,0.0,12.0,29.0,7.0
2003-08-19,0.0,0.0,12.0,28.0,0.0
2003-08-20,0.0,19.11781120300293,12.0,28.0,-19.11781120300293
2003-08-21,0.0,0.0,11.5,27.0,0.0
2003-08-22,64.0,19.88987922668457,12.0,27.5,44.11012077331543
2003-08-23,0.0,6.629959583282471,8.5,27.0,-6.629959583282471
2003-08-24,0.0,6.629959583282471,9.5,27.0,-6.629959583282471
2003-08-25,0.0,19.88987922668457,11.5,27.0,-19.88987922668457
2003-08-26,0.0,6.536863327026367,11.0,25.0,-6.536863327026367
2003-08-27,0.0,6.536863327026367,13.0,27.0,-6.536863327026367
2003-08-28,13.5,13.073726654052734,13.0,29.5,0.4262733459472656
2003-08-29,0.0,6.536863327026367,12.0,27.5,-6.536863327026367
2003-08-30,0.0,0.0,14.5,27.5,0.0
2003-08-31,0.0,0.0,14.5,27.0,0.0
2003-09-01,0.0,11.113059043884276,11.0,28.0,-11.113059043884276
2003-09-02,24.0,22.226118087768555,10.0,29.5,1.7738819122314453
2003-09-03,11.0,11.113059043884276,13.5,28.5,-0.11305904388427557
2003-09-04,14.0,11.113059043884276,13.0,28.5,2.8869409561157244
2003-09-05,51.0,22.226118087768555,12.5,28.0,28.773881912231445
2003-09-06,60.0,15.644600868225098,13.0,22.0,44.3553991317749
2003-09-07,0.0,0.0,14.0,27.5,0.0
2003-09-08,5.0,23.46689987182617,13.5,28.0,-18.46689987182617
2003-09-09,0.0,7.822300434112549,13.0,27.0,-7.822300434112549
2003-09-10,0.0,7.822300434112549,14.0,27.0,-7.822300434112549
2003-09-11,0.0,5.591348648071289,11.0,28.0,-5.591348648071289
2003-09-12,6.5,5.591348648071289,11.5,29.0,0.9086513519287109
2003-09-13,0.0,11.182697296142578,12.5,29.0,-11.182697296142578
2003-09-14,0.0,5.591348648071289,11.5,28.0,-5.591348648071289
2003-09-15,0.0,0.0,13.0,28.0,0.0
2003-09-16,0.0,0.0,11.5,27.0,0.0
2003-09-17,0.0,0.0,14.0,27.0,0.0
2003-09-18,6.0,11.204108238220217,11.0,28.0,-5.204108238220217
2003-09-19,0.0,11.204108238220217,14.0,27.0,-11.204108238220217
2003-09-20,7.0,11.204108238220217,14.0,27.0,-4.204108238220217
2003-09-21,0.0,0.0,14.5,27.0,0.0
2003-09-22,0.0,0.0,14.5,27.0,0.0
2003-09-23,0.0,36.06837463378906,14.0,28.0,-36.06837463378906
2003-09-24,0.0,0.0,13.0,27.0,0.0
2003-09-25,0.0,0.0,12.0,29.5,0.0
2003-09-26,1.0,17.402524948120117,12.0,29.5,-16.402524948120117
2003-09-27,0.0,0.0,11.5,26.5,0.0
2003-09-28,3.0,0.0,12.0,24.5,3.0
2003-09-29,0.0,0.0,12.5,21.5,0.0
2003-09-30,0.0,0.0,11.0,26.0,0.0
2003-10-01,0.0,0.0,10.0,26.5,0.0
2003-10-02,0.0,0.0,7.0,27.0,0.0
2003-10-03,0.0,0.0,8.5,27.0,0.0
2003-10-04,0.0,0.0,11.0,28.0,0.0
2003-10-05,0.0,6.534536361694336,14.0,29.5,-6.534536361694336
2003-10-06,0.0,0.0,8.5,29.0,0.0
2003-10-07,0.0,20.75108528137207,13.0,27.0,-20.75108528137207
2003-10-08,6.0,0.0,13.0,27.0,6.0
2003-10-09,0.0,0.0,14.0,28.0,0.0
2003-10-10,0.0,0.0,14.0,28.0,0.0
2003-10-11,0.0,4.790578842163086,13.0,29.0,-4.790578842163086
2003-10-12,0.0,2.395289421081543,12.0,29.0,-2.395289421081543
2003-10-13,0.0,9.581157684326172,13.0,28.0,-9.581157684326172
2003-10-14,0.0,0.0,11.5,29.0,0.0
2003-10-15,0.0,0.0,11.5,27.0,0.0
2003-10-16,0.0,0.0,12.5,27.0,0.0
2003-10-17,0.0,5.914430141448975,11.0,28.0,-5.914430141448975
2003-10-18,0.0,0.0,11.0,27.0,0.0
2003-10-19,0.0,0.0,9.0,26.0,0.0
2003-10-20,0.0,0.0,8.5,25.0,0.0
2003-10-21,0.0,0.0,9.0,26.0,0.0
2003-10-22,0.0,0.0,10.5,26.0,0.0
2003-10-23,0.0,0.0,11.0,27.0,0.0
2003-10-24,0.0,0.0,9.0,26.0,0.0
2003-10-25,0.0,0.0,10.0,25.0,0.0
2003-10-26,0.0,0.0,8.0,27.0,0.0
2003-10-27,0.0,0.0,9.0,29.0,0.0
2003-10-28,0.0,0.0,6.0,26.0,0.0
2003-10-29,0.0,0.0,6.0,26.0,0.0
2003-10-30,0.0,0.0,9.6,26.0,0.0
2003-10-31,0.0,0.0,9.0,26.0,0.0
2003-11-01,0.0,0.0,9.5,29.5,0.0
2003-11-02,0.0,4.652540683746338,8.5,28.0,-4.652540683746338
2003-11-03,2.0,5.033203125,7.0,27.5,-3.033203125
2003-11-04,0.0,0.0,4.0,28.0,0.0
2003-11-05,0.0,0.0,11.0,27.0,0.0
2003-11-06,0.0,0.0,11.0,27.0,0.0
2003-11-07,0.0,0.0,11.5,28.0,0.0
2003-11-08,0.0,0.0,12.5,29.0,0.0
2003-11-09,0.0,0.0,9.5,29.5,0.0
2003-11-10,0.0,0.0,7.5,27.5,0.0
2003-11-11,0.0,0.0,8.5,28.0,0.0
2003-11-12,0.0,0.0,6.5,29.0,0.0
2003-11-13,0.0,0.0,9.0,28.0,0.0
2003-11-14,0.0,0.0,9.5,29.0,0.0
2003-11-15,0.0,0.0,9.0,27.5,0.0
2003-11-16,0.0,0.0,6.5,27.5,0.0
2003-11-17,0.0,0.0,8.5,27.0,0.0
2003-11-18,0.0,0.0,6.0,26.0,0.0
2003-11-19,0.0,0.0,7.0,27.0,0.0
2003-11-20,0.0,0.0,8.5,25.0,0.0
2003-11-21,0.0,0.0,9.0,27.0,0.0
2003-11-22,0.0,0.0,10.0,24.0,0.0
2003-11-23,0.0,0.0,7.0,25.0,0.0
2003-11-24,0.0,0.0,9.0,27.0,0.0
2003-11-25,0.0,0.0,5.0,28.5,0.0
2003-11-26,0.0,0.0,2.5,31.5,0.0
2003-11-27,0.0,0.0,5.0,29.0,0.0
2003-11-28,0.0,0.0,7.0,29.0,0.0
2003-11-29,0.0,0.0,9.0,28.0,0.0
2003-11-30,0.0,0.0,9.0,28.0,0.0
2004-11-04,,0.0,,32.0,
2004-11-05,0.0,0.0,7.0,32.0,0.0
2004-11-06,0.0,0.0,6.0,21.5,0.0
2004-11-07,0.0,0.0,7.5,29.0,0.0
2004-11-08,0.0,0.0,11.0,32.0,0.0
2004-11-09,0.0,0.0,9.0,21.0,0.0
2004-11-10,0.0,0.0,6.0,26.0,0.0
2004-11-11,0.0,0.0,3.0,28.0,0.0
2004-11-12,0.0,0.0,7.0,26.0,0.0
2004-11-13,0.0,0.0,7.0,19.0,0.0
2004-11-14,0.0,0.0,5.0,21.0,0.0
2004-11-15,0.0,0.0,5.0,28.0,0.0
2004-11-16,0.0,1.9428391456604004,7.0,21.0,-1.9428391456604004
2004-11-17,0.0,0.0,1.0,23.0,0.0
2004-11-18,0.0,0.0,4.0,18.0,0.0
2004-11-19,0.0,0.0,10.0,21.0,0.0
2004-11-20,0.0,0.0,8.0,28.0,0.0
2004-11-21,0.0,0.0,7.0,27.0,0.0
2004-11-22,0.0,0.0,4.0,25.0,0.0
2004-11-23,0.0,0.0,4.0,23.0,0.0
2004-11-24,0.0,0.0,6.0,25.0,0.0
2004-11-25,0.0,0.0,2.0,22.0,0.0
2004-11-26,0.0,0.0,7.0,25.0,0.0
2004-11-27,0.0,0.0,4.0,21.0,0.0
2004-11-28,0.0,0.0,8.0,28.0,0.0
2004-11-29,0.0,0.0,7.0,23.5,0.0
2004-11-30,0.0,0.0,5.5,23.5,0.0
2004-12-01,0.0,1.7644039392471311,4.0,19.0,-1.7644039392471311
2004-12-02,0.0,0.0,7.0,26.0,0.0
2004-12-03,0.0,0.0,3.0,20.0,0.0
2004-12-04,0.0,0.0,4.0,19.0,0.0
2004-12-05,0.0,0.0,4.0,27.0,0.0
2004-12-06,0.0,0.0,3.5,18.0,0.0
2004-12-07,0.0,0.0,4.0,27.5,0.0
2004-12-08,0.0,0.0,3.5,25.0,0.0
2004-12-09,0.0,0.0,3.5,24.0,0.0
2004-12-10,0.0,0.0,3.5,25.6,0.0
2004-12-11,0.0,0.0,3.5,22.0,0.0
2004-12-12,0.0,0.0,9.0,28.0,0.0
2004-12-13,0.0,0.0,4.5,25.5,0.0
2004-12-14,0.0,0.0,5.5,19.5,0.0
2004-12-15,0.0,7.452277660369873,1.5,14.0,-7.452277660369873
2004-12-16,0.0,0.0,2.5,15.5,0.0
2004-12-17,0.0,0.0,2.5,25.0,0.0
2004-12-18,0.0,0.0,3.5,20.0,0.0
2004-12-19,0.0,0.0,3.5,20.0,0.0
2004-12-20,0.0,0.0,2.5,23.0,0.0
2004-12-21,0.0,0.0,3.0,25.0,0.0
2004-12-22,0.0,0.0,2.5,25.0,0.0
2004-12-23,0.0,0.0,4.0,27.0,0.0
2004-12-24,0.0,0.0,3.0,25.0,0.0
2004-12-25,0.0,0.0,2.5,27.5,0.0
2004-12-26,0.0,0.0,3.5,29.5,0.0
2004-12-27,0.0,0.0,2.5,31.0,0.0
2004-12-28,0.0,0.0,3.0,27.5,0.0
2004-12-29,0.0,0.0,2.5,28.0,0.0
2004-12-30,0.0,0.0,2.0,28.5,0.0
2004-12-31,0.0,0.0,3.0,28.5,0.0
2005-01-01,0.0,0.0,,25.0,0.0
2005-01-02,0.0,0.0,,26.0,0.0
2005-01-03,0.0,0.0,,26.0,0.0
2005-01-04,0.0,0.0,,27.5,0.0
2005-01-05,0.0,0.0,,28.0,0.0
2005-01-06,0.0,0.0,,28.5,0.0
2005-01-07,0.0,0.0,,27.5,0.0
2005-01-08,0.0,0.0,,20.0,0.0
2005-01-09,0.0,0.0,4.0,27.0,0.0
2005-01-10,0.0,0.0,2.5,27.0,0.0
2005-01-11,0.0,0.0,2.5,26.0,0.0
2005-01-12,0.0,0.0,3.0,29.5,0.0
2005-01-13,0.0,0.0,2.0,24.0,0.0
2005-01-14,0.0,0.0,5.0,27.0,0.0
2005-01-15,0.0,0.0,2.5,24.0,0.0
2005-01-16,0.0,0.0,2.5,28.0,0.0
2005-01-17,0.0,0.0,2.0,27.0,0.0
2005-01-18,0.0,0.0,2.0,26.0,0.0
2005-01-19,0.0,0.0,3.0,24.0,0.0
2005-01-20,0.0,0.0,3.0,25.0,0.0
2005-01-21,0.0,1.8571770191192627,2.5,20.0,-1.8571770191192627
2005-01-22,0.0,5.571530818939209,2.5,21.0,-5.571530818939209
2005-01-23,0.0,0.0,3.5,18.0,0.0
2005-01-24,0.0,1.8571770191192627,1.5,27.0,-1.8571770191192627
2005-01-25,0.0,0.0,2.5,29.0,0.0
2005-01-26,0.0,0.0,2.5,25.0,0.0
2005-01-27,0.0,0.0,3.0,26.0,0.0
2005-01-28,0.0,0.0,2.0,20.0,0.0
2005-01-29,0.0,0.0,2.5,26.0,0.0
2005-01-30,0.0,0.0,3.0,26.0,0.0
2005-01-31,0.0,0.0,3.0,26.0,0.0
2005-02-01,0.0,2.944791555404663,2.0,24.0,-2.944791555404663
2005-02-02,0.0,2.944791555404663,2.0,25.0,-2.944791555404663
2005-02-03,0.0,0.0,3.0,21.0,0.0
2005-02-04,0.0,0.0,3.0,17.0,0.0
2005-02-05,0.0,2.944791555404663,2.0,23.0,-2.944791555404663
2005-02-06,0.0,0.0,2.5,18.0,0.0
2005-02-07,0.0,0.0,1.5,26.0,0.0
2005-02-08,0.0,0.0,3.0,24.0,0.0
2005-02-09,0.0,2.752077102661133,2.0,26.0,-2.752077102661133
2005-02-10,0.0,0.0,3.0,25.0,0.0
2005-02-11,0.0,0.0,2.5,26.0,0.0
2005-02-12,0.0,0.0,3.0,25.0,0.0
2005-02-13,0.0,0.0,2.5,23.0,0.0
2005-02-14,0.0,0.0,3.0,23.5,0.0
2005-02-15,0.0,0.0,2.5,23.5,0.0
2005-02-16,0.0,0.0,4.0,25.5,0.0
2005-02-17,0.0,0.0,3.5,28.0,0.0
2005-02-18,0.0,0.0,3.0,27.0,0.0
2005-02-19,0.0,0.0,3.0,26.0,0.0
2005-02-20,0.0,0.0,3.5,24.0,0.0
2005-02-21,0.0,2.642752885818481,3.0,24.0,-2.642752885818481
2005-02-22,0.0,0.0,3.0,25.0,0.0
2005-02-23,0.0,0.0,2.0,24.0,0.0
2005-02-24,0.0,0.0,2.0,20.5,0.0
2005-02-25,0.0,0.0,2.5,25.0,0.0
2005-02-26,0.0,0.0,5.0,24.5,0.0
2005-02-27,0.0,0.0,5.0,20.0,0.0
2005-02-28,0.0,0.0,2.0,28.0,0.0
2005-03-01,0.0,0.0,3.0,23.0,0.0
2005-03-02,0.0,3.341736078262329,3.0,25.0,-3.341736078262329
2005-03-03,0.0,0.0,2.0,25.0,0.0
2005-03-04,0.0,0.0,2.0,25.0,0.0
2005-03-05,0.0,0.0,4.0,27.0,0.0
2005-03-06,0.0,0.0,4.0,25.0,0.0
2005-03-07,0.0,0.0,3.0,26.0,0.0
2005-03-08,0.0,0.0,4.0,18.0,0.0
2005-03-09,0.0,0.0,3.0,29.0,0.0
2005-03-10,0.0,0.0,3.0,24.0,0.0
2005-03-11,0.0,0.0,6.0,25.0,0.0
2005-03-12,0.0,0.0,4.0,24.5,0.0
2005-03-13,0.0,0.0,5.0,26.0,0.0
2005-03-14,0.0,0.0,3.5,26.5,0.0
2005-03-15,0.0,0.0,3.5,23.0,0.0
2005-03-16,0.0,0.0,3.0,21.3,0.0
2005-03-17,0.0,0.0,6.0,27.0,0.0
2005-03-18,0.0,0.0,4.5,25.0,0.0
2005-03-19,0.0,0.0,5.5,28.5,0.0
2005-03-20,0.0,0.0,7.0,29.0,0.0
2005-03-21,0.0,0.0,6.0,26.5,0.0
2005-03-22,0.0,0.0,5.5,26.5,0.0
2005-03-23,0.0,0.0,6.5,27.0,0.0
2005-03-24,0.0,0.0,6.5,29.0,0.0
2005-03-25,0.0,2.2964835166931152,3.5,28.5,-2.2964835166931152
2005-03-26,0.0,0.0,6.0,30.5,0.0
2005-03-27,0.0,0.0,7.0,30.0,0.0
2005-03-28,0.0,0.0,5.0,27.0,0.0
2005-03-29,0.0,0.0,6.5,28.5,0.0
2005-03-30,0.0,0.0,6.5,29.0,0.0
2005-03-31,0.0,0.0,7.5,29.0,0.0
2005-04-01,0.0,0.0,7.5,26.5,0.0
2005-04-02,0.0,0.0,5.0,26.0,0.0
2005-04-03,0.0,0.0,3.5,30.0,0.0
2005-04-04,0.0,0.0,3.5,30.0,0.0
2005-04-05,0.0,0.0,2.5,27.0,0.0
2005-04-06,0.0,0.0,6.5,29.5,0.0
2005-04-07,0.0,0.0,7.5,30.0,0.0
2005-04-08,0.0,0.0,8.0,20.5,0.0
2005-04-09,0.0,0.0,8.0,35.0,0.0
2005-04-10,0.0,2.8318514823913574,8.5,26.0,-2.8318514823913574
2005-04-11,0.0,0.0,5.0,30.0,0.0
2005-04-12,0.0,0.0,9.0,28.0,0.0
2005-04-13,0.0,0.0,7.5,30.0,0.0
2005-04-14,0.0,0.0,9.0,27.0,0.0
2005-04-15,0.0,0.0,7.0,28.0,0.0
2005-04-16,0.0,0.0,6.0,24.0,0.0
2005-04-17,0.0,0.0,7.0,30.0,0.0
2005-04-18,0.0,0.0,7.0,29.0,0.0
2005-04-19,0.0,0.0,4.0,30.0,0.0
2005-04-20,0.0,0.0,9.0,29.5,0.0
2005-04-21,0.0,0.0,9.0,30.5,0.0
2005-04-22,0.0,0.0,10.0,29.5,0.0
2005-04-23,0.0,0.0,9.5,28.5,0.0
2005-04-24,0.0,0.0,8.5,30.0,0.0
2005-04-25,0.0,0.0,9.0,30.0,0.0
2005-04-26,0.0,0.0,10.0,27.0,0.0
2005-04-27,0.0,0.0,6.5,27.5,0.0
2005-04-28,0.0,0.0,6.5,35.0,0.0
2005-04-29,0.0,0.0,7.0,30.0,0.0
2005-04-30,0.0,0.0,9.0,30.0,0.0
2005-05-01,0.0,0.0,7.5,32.5,0.0
2005-05-02,0.0,0.0,7.5,32.5,0.0
2005-05-03,0.0,0.0,11.5,32.5,0.0
2005-05-04,0.0,0.0,10.0,34.0,0.0
2005-05-05,0.0,0.0,11.5,30.5,0.0
2005-05-06,0.0,0.0,10.0,30.0,0.0
2005-05-07,0.0,0.0,9.0,34.0,0.0
2005-05-08,0.0,0.0,12.0,30.0,0.0
2005-05-09,0.0,0.0,10.0,29.5,0.0
2005-05-10,0.0,0.0,10.5,30.5,0.0
2005-05-11,0.0,0.0,10.5,32.0,0.0
2005-05-12,0.0,0.0,12.0,33.5,0.0
2005-05-13,0.0,0.0,11.5,30.5,0.0
2005-05-14,0.0,0.0,10.5,35.0,0.0
2005-05-15,0.0,0.0,13.5,33.0,0.0
2005-05-16,0.0,0.0,12.5,30.5,0.0
2005-05-17,0.0,0.0,10.5,34.5,0.0
2005-05-18,0.0,0.0,12.5,35.0,0.0
2005-05-19,0.0,0.0,13.5,33.5,0.0
2005-05-20,0.0,0.0,13.0,30.5,0.0
2005-05-21,0.0,0.0,10.0,30.5,0.0
2005-05-22,0.0,0.0,10.0,31.0,0.0
2005-05-23,0.0,2.3683345317840576,11.0,28.5,-2.3683345317840576
2005-05-24,0.0,0.0,7.5,30.0,0.0
2005-05-25,0.0,0.0,10.0,32.0,0.0
2005-05-26,0.0,0.0,12.0,30.0,0.0
2005-05-27,0.0,5.468306064605713,11.0,35.5,-5.468306064605713
2005-05-28,0.0,0.0,13.5,30.5,0.0
2005-05-29,0.0,0.0,10.0,31.5,0.0
2005-05-30,0.0,0.0,13.0,30.5,0.0
2005-05-31,0.0,0.0,10.0,30.5,0.0
2005-06-01,0.0,0.0,9.5,35.0,0.0
2005-06-02,0.0,0.0,9.5,33.0,0.0
2005-06-03,0.0,0.0,9.0,29.5,0.0
2005-06-04,0.0,0.0,8.0,27.0,0.0
2005-06-05,0.0,0.0,6.5,30.5,0.0
2005-06-06,0.0,0.0,10.5,27.5,0.0
2005-06-07,0.0,0.0,8.5,30.5,0.0
2005-06-08,0.0,0.0,8.5,34.5,0.0
2005-06-09,0.0,0.0,12.0,27.5,0.0
2005-06-10,0.0,0.0,9.0,25.5,0.0
2005-06-11,0.0,0.0,6.5,26.5,0.0
2005-06-12,0.0,0.0,6.5,28.5,0.0
2005-06-13,0.0,0.0,6.5,28.5,0.0
2005-06-14,0.0,0.0,8.5,35.5,0.0
2005-06-15,0.0,0.0,13.5,33.5,0.0
2005-06-16,0.0,0.0,10.5,27.5,0.0
2005-06-17,0.0,2.893744707107544,8.5,23.5,-2.893744707107544
2005-06-18,0.0,5.787489414215088,6.0,25.5,-5.787489414215088
2005-06-19,0.0,5.787489414215088,5.5,28.5,-5.787489414215088
2005-06-20,0.0,0.0,9.5,27.5,0.0
2005-06-21,0.0,0.0,7.5,23.5,0.0
2005-06-22,0.0,0.0,5.5,30.5,0.0
2005-06-23,0.0,0.0,9.5,32.0,0.0
2005-06-24,0.0,20.518659591674805,11.0,29.0,-20.518659591674805
2005-06-25,0.0,13.679106712341309,8.5,30.0,-13.679106712341309
2005-06-26,0.0,0.0,9.0,35.0,0.0
2005-06-27,0.0,0.0,12.0,30.0,0.0
2005-06-28,0.0,0.0,9.0,28.0,0.0
2005-06-29,0.0,0.0,7.0,33.0,0.0
2005-06-30,0.0,5.922233581542969,10.0,26.0,-5.922233581542969
2005-07-01,,4.35064697265625,3.0,24.0,
2005-07-02,,13.05194091796875,3.0,23.0,
2005-07-03,,13.05194091796875,3.0,22.0,
2005-07-04,,8.7012939453125,2.5,21.0,
2005-07-05,,4.35064697265625,2.0,21.5,
2005-07-06,,15.05008602142334,2.5,22.0,
2005-07-07,,15.05008602142334,3.0,19.5,
2005-07-08,,5.016695499420166,2.5,21.5,
2005-07-09,,10.033390998840332,7.5,22.5,
2005-07-10,,0.0,3.5,21.5,
2005-07-11,,8.089765548706055,2.5,21.0,
2005-07-12,,24.269296646118164,2.0,22.0,
2005-07-13,,8.089765548706055,3.0,21.5,
2005-07-14,,0.0,2.5,20.0,
2005-07-15,,0.0,2.0,21.5,
2005-07-16,,6.2984771728515625,2.5,22.5,
2005-07-17,,9.447714805603027,3.0,20.0,
2005-07-18,,9.447714805603027,2.5,21.0,
2005-07-19,,0.0,2.0,21.0,
2005-07-20,,0.0,3.0,19.0,
2005-07-21,,28.75141716003418,2.0,21.5,
2005-07-22,,0.0,2.5,20.5,
2005-07-23,,0.0,3.0,21.5,
2005-07-24,,0.0,2.0,19.0,
2005-07-25,,14.37570858001709,2.5,17.5,
2005-07-26,,16.59527587890625,2.5,17.0,
2005-07-27,,5.5317583084106445,3.0,19.0,
2005-07-28,,5.5317583084106445,2.0,18.0,
2005-07-29,,11.063516616821287,3.5,18.0,
2005-07-30,,0.0,3.0,18.0,
2005-07-31,,0.0,3.0,18.0,
2005-08-01,,0.0,3.5,24.0,
2005-08-02,,13.359105110168455,3.5,24.0,
2005-08-03,,0.0,4.5,23.0,
2005-08-04,,0.0,3.0,25.0,
2005-08-05,,26.71821022033692,3.0,20.0,
2005-08-06,,16.55908203125,2.0,23.0,
2005-08-07,,5.519693851470947,3.5,20.0,
2005-08-08,,5.519693851470947,3.0,21.5,
2005-08-09,,11.039387702941896,3.0,21.5,
2005-08-10,,11.039387702941896,3.5,24.0,
2005-08-11,,13.251985549926758,2.4,22.5,
2005-08-12,,6.625992774963379,2.0,21.0,
2005-08-13,,0.0,2.0,21.5,
2005-08-14,,6.625992774963379,2.5,20.0,
2005-08-15,,6.625992774963379,2.5,20.0,
2005-08-16,,6.6675543785095215,2.5,22.5,
2005-08-17,,0.0,3.5,21.0,
2005-08-18,,0.0,4.0,22.0,
2005-08-19,,13.335108757019045,2.5,22.0,
2005-08-20,,0.0,3.0,21.0,
2005-08-21,,0.0,2.5,20.0,
2005-08-22,,0.0,3.0,21.0,
2005-08-23,,8.365462303161621,3.0,19.0,
2005-08-24,,0.0,3.0,20.0,
2005-08-25,,25.09638786315918,2.5,21.5,
2005-08-26,,9.259343147277832,3.5,19.5,
2005-08-27,,9.259343147277832,3.0,19.5,
2005-08-28,,9.259343147277832,2.5,19.5,
2005-08-29,,0.0,3.0,19.5,
2005-08-30,,9.259343147277832,3.0,19.5,
2005-08-31,,10.582106590270996,3.0,19.5,
2005-09-01,,9.548253059387209,3.5,22.0,
2005-09-02,,9.548253059387209,3.5,20.0,
2005-09-03,,9.548253059387209,3.5,25.5,
2005-09-04,,9.548253059387209,4.0,23.0,
2005-09-05,,9.548253059387209,8.0,23.5,
2005-09-06,,0.0,3.5,23.0,
2005-09-07,,0.0,8.0,22.0,
2005-09-08,,0.0,3.0,24.0,
2005-09-09,,0.0,4.0,23.0,
2005-09-10,,15.850626945495604,3.0,23.0,
2005-09-11,,12.130465507507324,3.5,21.5,
2005-09-12,,12.130465507507324,2.0,24.0,
2005-09-13,,6.065232753753662,4.0,25.0,
2005-09-14,,0.0,3.0,22.0,
2005-09-15,,0.0,4.0,20.0,
2005-09-16,,0.0,3.0,21.5,
2005-09-17,,0.0,3.0,23.5,
2005-09-18,,0.0,2.5,20.0,
2005-09-19,,13.476465225219728,3.5,21.5,
2005-09-20,,0.0,2.5,22.0,
2005-09-21,,0.0,2.5,22.0,
2005-09-22,,0.0,3.0,20.0,
2005-09-23,,0.0,3.0,24.0,
2005-09-24,,0.0,2.5,20.5,
2005-09-25,,0.0,3.5,20.5,
2005-09-26,,0.0,3.0,20.5,
2005-09-27,,0.0,3.5,20.0,
2005-09-28,,0.0,3.5,21.0,
2005-09-29,,0.0,2.5,21.0,
2005-09-30,,0.0,3.0,21.0,
2005-10-18,0.0,0.0,3.0,27.0,0.0
2005-10-19,0.0,0.0,3.5,26.0,0.0
2005-10-20,0.0,0.0,2.5,29.0,0.0
2005-10-21,0.0,0.0,3.5,26.0,0.0
2005-10-22,0.0,0.0,3.0,26.0,0.0
2005-10-23,0.0,0.0,2.5,28.0,0.0
2005-10-24,0.0,0.0,3.0,27.0,0.0
2005-10-25,0.0,0.0,3.0,23.0,0.0
2005-10-26,0.0,0.0,2.5,27.0,0.0
2005-10-27,0.0,0.0,3.0,26.0,0.0
2005-10-28,0.0,0.0,2.5,28.0,0.0
2005-10-29,0.0,0.0,3.5,27.0,0.0
2005-10-30,0.0,0.0,2.0,26.0,0.0
2005-10-31,0.0,0.0,2.5,26.0,0.0
2005-11-01,0.0,0.0,3.0,26.0,0.0
2005-11-02,0.0,0.0,,27.0,0.0
2005-11-03,0.0,0.0,,29.0,0.0
2005-11-04,0.0,0.0,,28.0,0.0
2005-11-05,0.0,0.0,,27.0,0.0
2005-11-06,0.0,0.0,,27.0,0.0
2005-11-07,0.0,0.0,,30.0,0.0
2005-11-08,0.0,0.0,,25.0,0.0
2005-11-09,0.0,0.0,,27.0,0.0
2005-11-10,0.0,0.0,,28.0,0.0
2005-11-11,0.0,2.8307974338531494,,28.0,-2.8307974338531494
2005-11-12,0.0,0.0,,27.0,0.0
2005-11-13,0.0,0.0,,28.0,0.0
2005-11-14,0.0,0.0,,26.0,0.0
2005-11-15,0.0,0.0,2.0,26.0,0.0
2005-11-16,0.0,0.0,2.5,19.0,0.0
2005-11-17,0.0,0.0,2.5,26.0,0.0
2005-11-18,0.0,0.0,2.0,26.0,0.0
2005-11-19,0.0,0.0,2.5,29.0,0.0
2005-11-20,0.0,0.0,2.5,27.0,0.0
2005-11-21,0.0,0.0,3.0,27.0,0.0
2005-11-22,0.0,0.0,3.0,19.0,0.0
2005-11-23,0.0,0.0,3.0,26.0,0.0
2005-11-24,0.0,0.0,3.0,27.0,0.0
2005-11-25,0.0,0.0,3.0,20.0,0.0
2005-11-26,0.0,3.777261734008789,2.0,20.0,-3.777261734008789
2005-11-27,0.0,0.0,2.0,20.0,0.0
2005-11-28,0.0,0.0,2.0,28.0,0.0
2005-11-29,0.0,0.0,3.0,28.0,0.0
2005-11-30,0.0,0.0,2.0,28.0,0.0
2005-12-01,0.0,0.0,3.5,29.0,0.0
2005-12-02,0.0,0.0,3.5,28.0,0.0
2005-12-03,0.0,0.0,2.5,26.0,0.0
2005-12-04,0.0,0.0,2.5,27.0,0.0
2005-12-05,0.0,0.0,3.0,27.0,0.0
2005-12-06,0.0,0.0,2.5,26.0,0.0
2005-12-07,0.0,1.1959433555603027,2.5,19.0,-1.1959433555603027
2005-12-08,0.0,2.391886711120605,1.5,19.0,-2.391886711120605
2005-12-09,0.0,0.0,3.0,20.0,0.0
2005-12-10,0.0,0.0,2.4,26.0,0.0
2005-12-11,0.0,0.0,2.5,30.0,0.0
2005-12-12,0.0,0.0,2.0,24.0,0.0
2005-12-13,0.0,0.0,2.0,22.0,0.0
2005-12-14,0.0,0.0,2.5,18.0,0.0
2005-12-15,0.0,0.0,1.5,24.0,0.0
2005-12-16,0.0,0.0,2.5,23.0,0.0
2005-12-17,0.0,0.0,2.5,24.0,0.0
2005-12-18,0.0,0.0,2.0,22.0,0.0
2005-12-19,0.0,0.0,2.0,19.0,0.0
2005-12-20,0.0,0.0,1.5,27.0,0.0
2005-12-21,0.0,0.0,2.5,27.0,0.0
2005-12-22,0.0,0.0,2.5,26.0,0.0
2005-12-23,0.0,0.0,1.5,27.0,0.0
2005-12-24,0.0,0.0,2.0,28.0,0.0
2005-12-25,0.0,0.0,2.0,29.0,0.0
2005-12-26,0.0,0.0,1.5,26.0,0.0
2005-12-27,0.0,0.0,2.5,28.0,0.0
2005-12-28,0.0,2.1161725521087646,1.5,25.0,-2.1161725521087646
2005-12-29,0.0,0.0,2.0,26.0,0.0
2005-12-30,0.0,0.0,2.0,24.0,0.0
2005-12-31,0.0,0.0,1.5,24.0,0.0
2006-01-01,0.0,0.0,2.0,26.0,0.0
2006-01-02,0.0,0.0,2.0,25.0,0.0
2006-01-03,0.0,0.0,1.5,27.0,0.0
2006-01-04,0.0,0.0,2.5,28.0,0.0
2006-01-05,0.0,3.491430282592773,2.5,26.0,-3.491430282592773
2006-01-06,0.0,0.0,3.0,25.0,0.0
2006-01-07,0.0,0.0,2.0,28.0,0.0
2006-01-08,0.0,0.0,3.0,31.0,0.0
2006-01-09,0.0,0.0,3.5,29.0,0.0
2006-01-10,0.0,0.0,2.0,28.0,0.0
2006-01-11,0.0,0.0,2.5,31.0,0.0
2006-01-12,0.0,0.0,1.5,28.0,0.0
2006-01-13,0.0,0.0,3.0,29.0,0.0
2006-01-14,0.0,0.0,2.0,28.0,0.0
2006-01-15,0.0,0.0,2.0,31.0,0.0
2006-01-16,0.0,0.0,1.5,28.0,0.0
2006-01-17,0.0,0.0,1.5,27.0,0.0
2006-01-18,0.0,0.0,1.5,30.0,0.0
2006-01-19,0.0,0.0,3.0,30.0,0.0
2006-01-20,0.0,0.0,1.5,31.0,0.0
2006-01-21,0.0,0.0,2.0,30.0,0.0
2006-01-22,0.0,0.0,4.0,30.0,0.0
2006-01-23,0.0,0.0,2.0,27.0,0.0
2006-01-24,0.0,0.0,4.0,25.0,0.0
2006-01-25,5.0,0.0,3.0,20.0,5.0
2006-01-26,0.0,1.9375077486038208,2.5,25.0,-1.9375077486038208
2006-01-27,0.0,0.0,1.5,24.0,0.0
2006-01-28,0.0,1.9375077486038208,3.0,25.0,-1.9375077486038208
2006-01-29,0.0,1.9375077486038208,2.0,24.0,-1.9375077486038208
2006-01-30,0.0,3.8750154972076416,2.5,26.0,-3.8750154972076416
2006-01-31,0.0,0.0,1.5,26.0,0.0
2006-02-01,0.0,0.0,3.5,27.5,0.0
2006-02-02,0.0,0.0,3.5,28.5,0.0
2006-02-03,0.0,0.0,2.0,28.5,0.0
2006-02-04,0.0,0.0,2.0,27.5,0.0
2006-02-05,0.0,0.0,2.0,28.0,0.0
2006-02-06,0.0,0.0,2.0,30.0,0.0
2006-02-07,0.0,0.0,1.5,27.5,0.0
2006-02-08,0.0,0.0,2.5,28.5,0.0
2006-02-09,0.0,0.0,1.5,29.0,0.0
2006-02-10,0.0,0.0,2.0,28.5,0.0
2006-02-11,0.0,1.358385682106018,2.0,27.0,-1.358385682106018
2006-02-12,0.0,0.0,2.0,26.0,0.0
2006-02-13,0.0,0.0,1.5,28.0,0.0
2006-02-14,0.0,0.0,2.0,27.0,0.0
2006-02-15,0.0,0.0,2.0,28.0,0.0
2006-02-16,0.0,0.0,2.5,30.0,0.0
2006-02-17,0.0,0.0,3.0,30.0,0.0
2006-02-18,0.0,0.0,3.0,29.0,0.0
2006-02-19,0.0,0.0,3.0,29.0,0.0
2006-02-20,0.0,0.0,3.0,30.0,0.0
2006-02-21,0.0,0.0,3.0,30.5,0.0
2006-02-22,0.0,0.0,3.0,28.5,0.0
2006-02-23,0.0,0.0,3.0,29.0,0.0
2006-02-24,0.0,0.0,2.0,30.0,0.0
2006-02-25,0.0,0.0,2.5,30.0,0.0
2006-02-26,0.0,0.0,4.0,29.0,0.0
2006-02-27,0.0,0.0,3.0,32.0,0.0
2006-02-28,0.0,0.0,4.5,30.5,0.0
2006-03-01,0.0,0.0,4.0,30.5,0.0
2006-03-02,0.0,0.0,3.5,30.0,0.0
2006-03-03,0.0,0.0,3.0,30.0,0.0
2006-03-04,0.0,0.0,4.0,30.0,0.0
2006-03-05,0.0,0.0,2.0,30.5,0.0
2006-03-06,0.0,0.0,3.5,31.0,0.0
2006-03-07,0.0,0.0,3.5,31.5,0.0
2006-03-08,0.0,0.0,3.0,30.0,0.0
2006-03-09,0.0,0.0,3.0,28.0,0.0
2006-03-10,0.0,0.0,3.0,28.0,0.0
2006-03-11,0.0,0.0,2.0,30.0,0.0
2006-03-12,0.0,0.0,3.0,30.0,0.0
2006-03-13,0.0,0.0,2.0,27.0,0.0
2006-03-14,0.0,0.0,3.0,30.0,0.0
2006-03-15,0.0,0.0,3.0,31.0,0.0
2006-03-16,0.0,0.0,3.5,31.0,0.0
2006-03-17,0.0,1.3052740097045898,3.5,30.0,-1.3052740097045898
2006-03-18,0.0,1.3052740097045898,3.0,30.0,-1.3052740097045898
2006-03-19,0.0,0.0,3.0,30.0,0.0
2006-03-20,0.0,0.0,3.0,31.0,0.0
2006-03-21,0.0,0.0,2.5,29.5,0.0
2006-03-22,0.0,0.0,3.5,30.0,0.0
2006-03-23,0.0,0.0,4.0,27.5,0.0
2006-03-24,0.0,0.0,4.5,28.0,0.0
2006-03-25,0.0,0.0,2.0,30.0,0.0
2006-03-26,0.0,0.0,3.5,29.0,0.0
2006-03-27,0.0,0.0,3.0,28.0,0.0
2006-03-28,0.0,0.0,3.0,30.0,0.0
2006-03-29,0.0,0.0,3.5,30.0,0.0
2006-03-30,0.0,0.0,3.5,29.0,0.0
2006-03-31,0.0,0.0,3.0,32.0,0.0
2006-04-01,0.0,0.0,2.5,32.0,0.0
2006-04-02,0.0,0.0,4.0,32.0,0.0
2006-04-03,0.0,0.0,4.0,31.0,0.0
2006-04-04,0.0,0.0,3.5,32.0,0.0
2006-04-05,0.0,0.0,4.0,34.0,0.0
2006-04-06,0.0,0.0,3.5,32.0,0.0
2006-04-07,0.0,0.0,4.0,32.0,0.0
2006-04-08,0.0,0.0,3.0,32.0,0.0
2006-04-09,0.0,0.0,3.5,33.0,0.0
2006-04-10,0.0,0.0,4.0,32.0,0.0
2006-04-11,0.0,0.0,3.5,31.0,0.0
2006-04-12,0.0,0.0,3.0,32.0,0.0
2006-04-13,0.0,0.0,3.0,32.0,0.0
2006-04-14,0.0,0.0,3.0,31.0,0.0
2006-04-15,0.0,0.0,3.0,30.0,0.0
2006-04-16,0.0,0.0,3.0,28.0,0.0
2006-04-17,0.0,2.718233108520508,3.0,28.0,-2.718233108520508
2006-04-18,0.0,2.718233108520508,3.5,32.0,-2.718233108520508
2006-04-19,0.0,0.0,3.0,30.0,0.0
2006-04-20,0.0,0.0,2.5,32.0,0.0
2006-04-21,0.0,0.0,3.5,31.0,0.0
2006-04-22,0.0,0.0,3.0,32.0,0.0
2006-04-23,0.0,3.7704036235809326,4.5,32.0,-3.7704036235809326
2006-04-24,0.0,0.0,3.5,31.0,0.0
2006-04-25,0.0,0.0,3.5,32.0,0.0
2006-04-26,0.0,0.0,4.0,30.0,0.0
2006-04-27,0.0,0.0,3.0,32.0,0.0
2006-04-28,0.0,0.0,3.5,30.0,0.0
2006-04-29,0.0,0.0,3.5,30.0,0.0
2006-04-30,0.0,0.0,3.5,29.0,0.0
2006-05-01,0.0,0.0,3.0,29.0,0.0
2006-05-02,0.0,3.6109654903411865,3.0,27.0,-3.6109654903411865
2006-05-03,0.0,0.0,2.0,29.0,0.0
2006-05-04,0.0,0.0,3.0,29.0,0.0
2006-05-05,0.0,0.0,3.0,27.0,0.0
2006-05-06,0.0,0.0,2.0,29.0,0.0
2006-05-07,0.0,0.0,2.5,30.0,0.0
2006-05-08,0.0,0.0,3.0,19.0,0.0
2006-05-09,0.0,0.0,3.0,30.0,0.0
2006-05-10,0.0,0.0,3.5,31.0,0.0
2006-05-11,0.0,0.0,3.5,33.0,0.0
2006-05-12,0.0,0.0,4.5,30.0,0.0
2006-05-13,0.0,0.0,4.0,27.0,0.0
2006-05-14,0.0,0.0,2.5,30.0,0.0
2006-05-15,0.0,0.0,3.5,30.0,0.0
2006-05-16,5.5,0.0,3.0,26.0,5.5
2006-05-17,4.2,0.0,2.5,24.0,4.2
2006-05-18,0.0,0.0,2.5,26.5,0.0
2006-05-19,0.0,0.0,3.0,29.5,0.0
2006-05-20,0.0,0.0,3.0,26.0,0.0
2006-05-21,0.0,0.0,3.0,32.0,0.0
2006-05-22,0.0,0.0,4.5,32.0,0.0
2006-05-23,0.0,0.0,4.0,33.0,0.0
2006-05-24,0.0,0.0,4.5,32.0,0.0
2006-05-25,0.0,0.0,4.0,30.0,0.0
2006-05-26,0.0,11.181528091430664,4.0,34.0,-11.181528091430664
2006-05-27,0.0,5.590764045715332,4.5,29.0,-5.590764045715332
2006-05-28,0.0,0.0,3.5,30.0,0.0
2006-05-29,0.0,0.0,3.5,29.0,0.0
2006-05-30,0.0,0.0,3.0,29.0,0.0
2006-05-31,0.0,0.0,3.0,29.0,0.0
2006-06-01,0.0,0.0,2.0,25.0,0.0
2006-06-02,4.3,0.0,2.5,26.0,4.3
2006-06-03,6.5,11.135298728942873,3.0,27.0,-4.635298728942873
2006-06-04,3.0,11.135298728942873,2.5,26.5,-8.135298728942873
2006-06-05,2.0,0.0,3.0,19.0,2.0
2006-06-06,17.5,9.580207824707031,2.0,27.0,7.919792175292969
2006-06-07,0.0,4.790103912353516,3.0,28.0,-4.790103912353516
2006-06-08,0.0,0.0,3.5,27.0,0.0
2006-06-09,0.0,0.0,2.5,28.0,0.0
2006-06-10,0.0,9.580207824707031,3.0,29.0,-9.580207824707031
2006-06-11,0.0,0.0,3.5,27.0,0.0
2006-06-12,0.0,0.0,3.0,25.0,0.0
2006-06-13,14.2,0.0,2.5,27.0,14.2
2006-06-14,0.0,0.0,3.0,28.0,0.0
2006-06-15,0.0,0.0,3.5,27.5,0.0
2006-06-16,10.0,0.0,3.0,25.5,10.0
2006-06-17,0.0,12.46008586883545,2.5,27.0,-12.46008586883545
2006-06-18,0.0,20.766807556152344,3.0,27.0,-20.766807556152344
2006-06-19,3.0,16.613447189331055,2.5,30.0,-13.613447189331055
2006-06-20,0.0,0.0,3.5,26.0,0.0
2006-06-21,0.0,4.327564239501953,2.5,29.0,-4.327564239501953
2006-06-22,0.0,0.0,3.5,27.0,0.0
2006-06-23,0.0,4.327564239501953,3.0,26.0,-4.327564239501953
2006-06-24,0.0,0.0,2.0,28.0,0.0
2006-06-25,0.0,12.98269271850586,4.0,27.0,-12.98269271850586
2006-06-26,0.0,10.330206871032717,2.5,28.0,-10.330206871032717
2006-06-27,0.0,0.0,3.0,29.0,0.0
2006-06-28,0.0,0.0,3.5,27.5,0.0
2006-06-29,0.0,5.165103435516357,3.0,28.0,-5.165103435516357
2006-06-30,0.0,0.0,2.5,28.0,0.0
2006-07-01,17.0,3.761041641235352,3.0,28.0,13.238958358764648
2006-07-02,0.0,0.0,3.0,29.0,0.0
2006-07-03,0.0,0.0,3.0,27.0,0.0
2006-07-04,0.0,7.522083282470703,2.0,28.0,-7.522083282470703
2006-07-05,0.0,3.761041641235352,3.0,27.0,-3.761041641235352
2006-07-06,0.0,0.0,2.5,28.0,0.0
2006-07-07,0.0,9.20146942138672,3.0,27.0,-9.20146942138672
2006-07-08,0.0,0.0,2.5,27.0,0.0
2006-07-09,0.0,0.0,3.0,28.0,0.0
2006-07-10,16.2,18.40293884277344,2.0,27.5,-2.2029388427734418
2006-07-11,0.0,0.0,3.0,29.5,0.0
2006-07-12,0.0,0.0,3.0,28.0,0.0
2006-07-13,8.5,11.502652168273926,2.5,28.5,-3.002652168273926
2006-07-14,0.0,0.0,3.0,28.0,0.0
2006-07-15,0.0,11.502652168273926,2.5,29.0,-11.502652168273926
2006-07-16,0.0,8.206682205200195,3.0,26.0,-8.206682205200195
2006-07-17,0.0,0.0,2.5,29.0,0.0
2006-07-18,5.0,0.0,3.5,28.0,5.0
2006-07-19,0.0,0.0,3.0,28.0,0.0
2006-07-20,0.0,8.206682205200195,3.0,29.0,-8.206682205200195
2006-07-21,4.1,0.0,3.5,27.0,4.1
2006-07-22,10.0,0.0,2.5,28.0,10.0
2006-07-23,0.0,11.462081909179688,3.0,27.0,-11.462081909179688
2006-07-24,0.0,5.731040954589844,2.5,28.0,-5.731040954589844
2006-07-25,0.0,0.0,3.0,30.0,0.0
2006-07-26,0.0,0.0,3.5,27.0,0.0
2006-07-27,0.0,7.6983466148376465,2.5,29.0,-7.6983466148376465
2006-07-28,0.0,0.0,3.5,25.0,0.0
2006-07-29,16.0,15.396693229675291,3.0,29.0,0.6033067703247088
2006-07-30,0.0,7.6983466148376465,2.5,29.0,-7.6983466148376465
2006-07-31,0.0,0.0,2.5,29.0,0.0
2006-08-01,3.5,0.0,3.5,18.0,3.5
2006-08-02,3.5,9.383254051208496,3.5,24.0,-5.883254051208496
2006-08-03,8.0,18.766508102416992,4.5,23.0,-10.766508102416992
2006-08-04,0.0,4.691627025604248,2.5,23.0,-4.691627025604248
2006-08-05,3.8,9.383254051208496,3.0,20.0,-5.583254051208496
2006-08-06,7.2,7.512945652008057,2.0,23.0,-0.31294565200805646
2006-08-07,0.0,11.269417762756348,3.5,28.0,-11.269417762756348
2006-08-08,0.0,7.512945652008057,3.0,27.0,-7.512945652008057
2006-08-09,0.0,3.756472826004028,2.5,27.5,-3.756472826004028
2006-08-10,0.0,0.0,3.0,28.0,0.0
2006-08-11,16.0,4.63056755065918,2.5,27.5,11.36943244934082
2006-08-12,0.0,13.891701698303224,3.0,29.5,-13.891701698303224
2006-08-13,8.0,4.63056755065918,3.0,28.5,3.3694324493408203
2006-08-14,0.0,0.0,3.0,27.0,0.0
2006-08-15,10.0,18.52227020263672,3.0,26.0,-8.522270202636719
2006-08-16,0.0,18.3139877319336,2.5,30.0,-18.3139877319336
2006-08-17,15.2,0.0,3.0,28.0,15.2
2006-08-18,0.0,4.578496932983398,3.0,28.0,-4.578496932983398
2006-08-19,0.0,0.0,3.0,29.0,0.0
2006-08-20,6.5,4.578496932983398,3.5,27.0,1.9215030670166016
2006-08-21,2.1,2.303610324859619,2.5,28.0,-0.20361032485961905
2006-08-22,3.0,0.0,3.0,26.0,3.0
2006-08-23,0.0,4.607220649719238,2.5,22.0,-4.607220649719238
2006-08-24,0.0,16.125272750854492,2.5,25.0,-16.125272750854492
2006-08-25,0.0,4.607220649719238,2.5,27.0,-4.607220649719238
2006-08-26,0.0,3.973827123641968,3.0,26.0,-3.973827123641968
2006-08-27,0.0,7.947654247283935,2.5,28.0,-7.947654247283935
2006-08-28,0.0,11.921481132507324,3.0,29.0,-11.921481132507324
2006-08-29,0.0,0.0,2.5,28.0,0.0
2006-08-30,0.0,0.0,2.5,28.0,0.0
2006-08-31,0.0,7.947654247283935,2.5,28.0,-7.947654247283935
2006-09-01,0.0,0.0,7.0,20.5,0.0
2006-09-02,0.0,0.0,8.0,20.5,0.0
2006-09-03,0.0,0.0,9.0,22.0,0.0
2006-09-04,0.0,0.0,7.5,23.0,0.0
2006-09-05,0.0,13.913331985473633,9.0,23.5,-13.913331985473633
2006-09-06,0.0,0.0,8.5,23.0,0.0
2006-09-07,0.0,11.177322387695312,8.0,22.0,-11.177322387695312
2006-09-08,0.0,5.588661193847656,7.5,24.0,-5.588661193847656
2006-09-09,0.0,0.0,9.0,23.0,0.0
2006-09-10,0.0,11.177322387695312,8.5,23.5,-11.177322387695312
2006-09-11,0.0,15.17460823059082,8.5,21.5,-15.17460823059082
2006-09-12,0.0,7.58730411529541,6.5,24.0,-7.58730411529541
2006-09-13,0.0,0.0,9.5,22.0,0.0
2006-09-14,0.0,7.58730411529541,7.5,25.0,-7.58730411529541
2006-09-15,0.0,7.58730411529541,9.5,22.0,-7.58730411529541
2006-09-16,0.0,0.0,8.5,20.0,0.0
2006-09-17,0.0,0.0,7.0,21.5,0.0
2006-09-18,8.0,0.0,8.0,23.5,8.0
2006-09-19,5.1,0.0,9.0,20.5,5.1
2006-09-20,3.6,0.0,7.5,21.5,3.6
2006-09-21,6.3,0.0,8.0,22.0,6.3
2006-09-22,13.6,16.868106842041016,9.0,22.0,-3.268106842041016
2006-09-23,15.3,0.0,8.5,20.0,15.3
2006-09-24,4.5,8.434053421020508,8.5,24.0,-3.934053421020508
2006-09-25,16.0,0.0,9.0,20.5,16.0
2006-09-26,4.1,0.0,7.5,20.5,4.1
2006-09-27,6.7,0.0,8.0,20.5,6.7
2006-09-28,0.0,6.441729545593262,8.5,20.0,-6.441729545593262
2006-09-29,0.0,6.441729545593262,7.5,21.0,-6.441729545593262
2006-09-30,0.0,12.883459091186523,6.0,21.0,-12.883459091186523
2006-10-01,0.0,0.0,,27.0,0.0
2006-10-02,0.0,9.287679672241213,,29.0,-9.287679672241213
2006-10-03,0.0,0.0,,28.0,0.0
2006-10-04,0.0,0.0,,27.0,0.0
2006-10-05,0.0,0.0,,27.0,0.0
2006-10-06,0.0,0.0,,30.0,0.0
2006-10-07,0.0,0.0,,25.5,0.0
2006-10-08,0.0,0.0,,27.0,0.0
2006-10-09,0.0,0.0,,28.0,0.0
2006-10-10,0.0,0.0,,28.0,0.0
2006-10-11,0.0,0.0,,28.0,0.0
2006-10-12,0.0,0.0,,27.0,0.0
2006-10-13,0.0,12.70927906036377,,28.0,-12.70927906036377
2006-10-14,0.0,6.354639530181885,,26.0,-6.354639530181885
2006-10-15,0.0,19.06391716003418,,26.0,-19.06391716003418
2006-10-16,0.0,8.449836730957031,,19.0,-8.449836730957031
2006-10-17,0.0,0.0,,26.0,0.0
2006-10-18,0.0,0.0,,26.0,0.0
2006-10-19,0.0,0.0,,29.0,0.0
2006-10-20,0.0,0.0,,27.0,0.0
2006-10-21,0.0,0.0,,27.0,0.0
2006-10-22,0.0,12.626315116882324,,19.0,-12.626315116882324
2006-10-23,0.0,0.0,,26.0,0.0
2006-10-24,0.0,6.313157558441162,,27.0,-6.313157558441162
2006-10-25,0.0,0.0,,20.0,0.0
2006-10-26,0.0,0.0,,20.0,0.0
2006-10-27,0.0,0.0,,20.0,0.0
2006-10-28,0.0,0.0,,28.0,0.0
2006-10-29,0.0,3.054862260818481,,28.5,-3.054862260818481
2006-10-30,2.0,0.0,,26.0,2.0
2006-10-31,0.0,0.0,,26.0,0.0
2006-11-01,0.0,0.0,2.0,26.0,0.0
2006-11-02,0.0,0.0,2.0,26.0,0.0
2006-11-03,0.0,0.0,2.5,27.0,0.0
2006-11-04,0.0,0.0,2.5,29.0,0.0
2006-11-05,0.0,0.0,2.5,25.0,0.0
2006-11-06,0.0,0.0,2.0,26.0,0.0
2006-11-07,0.0,0.0,2.5,28.0,0.0
2006-11-08,0.0,0.0,2.0,27.0,0.0
2006-11-09,0.0,0.0,2.5,26.0,0.0
2006-11-10,8.0,0.0,2.0,28.0,8.0
2006-11-11,0.0,0.0,3.0,26.0,0.0
2006-11-12,5.0,18.683074951171875,2.0,26.0,-13.683074951171875
2006-11-13,0.0,0.0,2.0,29.0,0.0
2006-11-14,0.0,0.0,2.5,27.0,0.0
2006-11-15,0.0,0.0,2.5,27.0,0.0
2006-11-16,0.0,0.0,2.0,26.0,0.0
2006-11-17,0.0,0.0,2.0,25.0,0.0
2006-11-18,0.0,0.0,2.0,24.0,0.0
2006-11-19,0.0,0.0,2.0,21.5,0.0
2006-11-20,0.0,0.0,1.5,20.5,0.0
2006-11-21,0.0,0.0,1.5,20.0,0.0
2006-11-22,0.0,0.0,2.0,23.0,0.0
2006-11-23,0.0,0.0,2.0,19.0,0.0
2006-11-24,0.0,0.0,1.5,20.0,0.0
2006-11-25,0.0,0.0,1.5,25.0,0.0
2006-11-26,0.0,0.0,2.0,27.0,0.0
2006-11-27,0.0,0.0,2.5,27.0,0.0
2006-11-28,0.0,0.0,2.0,25.0,0.0
2006-11-29,0.0,0.0,2.5,23.0,0.0
2006-11-30,0.0,0.0,2.0,23.0,0.0
2006-12-01,0.0,0.0,2.0,24.0,0.0
2006-12-02,0.0,0.0,7.5,27.0,0.0
2006-12-03,0.0,0.0,7.5,27.0,0.0
2006-12-04,0.0,0.0,2.0,22.0,0.0
2006-12-05,0.0,0.0,2.0,24.5,0.0
2006-12-06,0.0,0.0,2.0,20.0,0.0
2006-12-07,0.0,0.0,1.5,23.5,0.0
2006-12-08,0.0,0.0,2.5,25.0,0.0
2006-12-09,0.0,0.0,2.5,24.0,0.0
2006-12-10,0.0,0.0,2.0,23.5,0.0
2006-12-11,0.0,0.0,2.0,21.0,0.0
2006-12-12,0.0,0.0,1.5,24.0,0.0
2006-12-13,0.0,0.0,2.0,20.0,0.0
2006-12-14,0.0,2.143872022628784,1.5,25.0,-2.143872022628784
2006-12-15,0.0,2.143872022628784,2.0,23.0,-2.143872022628784
2006-12-16,0.0,0.0,2.0,25.0,0.0
2006-12-17,0.0,0.0,2.5,23.0,0.0
2006-12-18,0.0,0.0,2.0,23.5,0.0
2006-12-19,0.0,4.7901153564453125,2.5,24.5,-4.7901153564453125
2006-12-20,0.0,0.0,2.5,26.0,0.0
2006-12-21,0.0,0.0,2.5,19.5,0.0
2006-12-22,0.0,0.0,1.5,19.0,0.0
2006-12-23,0.0,0.0,1.5,20.0,0.0
2006-12-24,0.0,0.0,1.5,21.5,0.0
2006-12-25,0.0,0.0,2.0,24.5,0.0
2006-12-26,0.0,0.0,2.5,25.0,0.0
2006-12-27,0.0,0.0,2.5,23.5,0.0
2006-12-28,0.0,0.0,2.0,24.0,0.0
2006-12-29,0.0,0.0,2.0,24.0,0.0
2006-12-30,0.0,0.0,2.5,22.0,0.0
2006-12-31,0.0,0.0,2.0,24.0,0.0
2007-01-02,0.0,0.0,2.5,27.0,0.0
2007-01-03,0.0,0.0,2.5,20.0,0.0
2007-01-04,0.0,2.6048226356506348,1.5,25.0,-2.6048226356506348
2007-01-05,0.0,0.0,2.5,22.0,0.0
2007-01-06,0.0,0.0,2.0,23.0,0.0
2007-01-07,0.0,0.0,2.0,25.0,0.0
2007-01-08,0.0,2.1890299320220947,2.0,22.0,-2.1890299320220947
2007-01-09,0.0,0.0,2.0,25.0,0.0
2007-01-10,0.0,0.0,2.5,25.0,0.0
2007-01-11,0.0,0.0,2.0,27.0,0.0
2007-01-12,0.0,0.0,2.5,26.0,0.0
2007-01-13,0.0,0.0,2.5,26.5,0.0
2007-01-14,0.0,0.0,2.5,24.5,0.0
2007-01-15,0.0,1.6968637704849243,2.0,21.5,-1.6968637704849243
2007-01-16,0.0,0.0,2.5,23.5,0.0
2007-01-17,0.0,0.0,2.0,26.5,0.0
2007-01-18,0.0,0.0,2.5,25.0,0.0
2007-01-19,0.0,0.0,2.0,25.5,0.0
2007-01-20,0.0,0.0,2.0,23.5,0.0
2007-01-21,0.0,0.0,2.5,22.5,0.0
2007-01-22,0.0,0.0,1.5,20.5,0.0
2007-01-23,8.5,10.032544136047363,2.0,21.0,-1.5325441360473633
2007-01-24,5.6,2.0065088272094727,2.0,19.5,3.593491172790527
2007-01-25,0.0,0.0,1.5,23.0,0.0
2007-01-26,0.0,0.0,2.0,22.0,0.0
2007-01-27,0.0,6.229281902313232,2.0,25.0,-6.229281902313232
2007-01-28,4.0,0.0,2.0,21.0,4.0
2007-01-29,3.2,3.114640951156616,2.0,20.0,0.08535904884338397
2007-01-30,3.0,0.0,1.5,24.0,3.0
2007-01-31,0.0,0.0,2.5,23.0,0.0
2007-02-01,0.0,0.0,2.0,23.0,0.0
2007-02-02,0.0,0.0,0.0,20.5,0.0
2007-02-03,4.8,7.0974836349487305,1.5,19.5,-2.2974836349487306
2007-02-04,0.0,0.0,1.5,21.0,0.0
2007-02-05,0.0,0.0,2.0,25.5,0.0
2007-02-06,0.0,0.0,2.0,23.0,0.0
2007-02-07,0.0,0.0,2.0,25.0,0.0
2007-02-08,0.0,0.0,2.0,21.0,0.0
2007-02-09,0.0,0.0,1.5,23.0,0.0
2007-02-10,0.0,0.0,2.0,20.0,0.0
2007-02-11,0.0,0.0,1.5,22.0,0.0
2007-02-12,0.0,0.0,1.5,20.0,0.0
2007-02-13,0.0,0.0,1.5,20.0,0.0
2007-02-14,0.0,0.0,1.5,21.0,0.0
2007-02-15,0.0,0.0,1.5,23.0,0.0
2007-02-16,0.0,0.0,1.5,23.0,0.0
2007-02-17,0.0,0.0,2.0,22.0,0.0
2007-02-18,0.0,0.0,1.5,24.0,0.0
2007-02-19,0.0,0.0,0.0,25.5,0.0
2007-02-20,0.0,0.0,2.5,28.5,0.0
2007-02-21,0.0,0.0,3.0,27.5,0.0
2007-02-22,0.0,0.0,3.0,30.5,0.0
2007-02-23,0.0,0.0,3.5,30.0,0.0
2007-02-24,0.0,0.0,2.5,29.5,0.0
2007-02-25,0.0,0.8187748789787292,3.0,30.0,-0.8187748789787292
2007-02-26,0.0,0.2512944936752319,3.0,28.0,-0.2512944936752319
2007-02-27,0.0,0.0,2.5,28.0,0.0
2007-02-28,0.0,0.0,2.5,28.0,0.0
2007-03-01,0.0,0.0,3.5,30.0,0.0
2007-03-02,0.0,0.0,3.5,29.0,0.0
2007-03-03,0.0,0.0,3.0,28.0,0.0
2007-03-04,0.0,0.0,2.5,28.0,0.0
2007-03-05,0.0,0.0,2.5,29.5,0.0
2007-03-06,0.0,0.0,3.0,28.0,0.0
2007-03-07,0.0,0.0,2.5,28.5,0.0
2007-03-08,0.0,0.0,3.5,30.0,0.0
2007-03-09,0.0,0.0,3.0,29.0,0.0
2007-03-10,0.0,0.0,3.0,27.0,0.0
2007-03-11,0.0,0.0,2.5,29.0,0.0
2007-03-12,0.0,0.0,3.0,29.0,0.0
2007-03-13,0.0,0.0,3.0,28.0,0.0
2007-03-14,0.0,0.0,3.0,30.0,0.0
2007-03-15,0.0,0.0,3.0,30.0,0.0
2007-03-16,0.0,0.0,3.5,28.0,0.0
2007-03-17,0.0,0.0,3.0,28.0,0.0
2007-03-18,0.0,0.0,2.5,29.0,0.0
2007-03-19,0.0,0.0,3.0,29.5,0.0
2007-03-20,0.0,0.0,3.0,30.0,0.0
2007-03-21,0.0,0.0,3.5,29.0,0.0
2007-03-22,0.0,0.0,3.0,30.5,0.0
2007-03-23,0.0,0.0,3.5,30.0,0.0
2007-03-24,0.0,0.0,3.5,29.0,0.0
2007-03-25,0.0,2.0294079780578613,3.0,30.0,-2.0294079780578613
2007-03-26,0.0,2.1981441974639893,3.5,29.5,-2.1981441974639893
2007-03-27,0.0,0.0,3.0,29.5,0.0
2007-03-28,0.0,0.0,3.0,28.5,0.0
2007-03-29,0.0,0.0,3.0,30.5,0.0
2007-03-30,0.0,0.0,3.5,29.5,0.0
2007-03-31,0.0,0.0,3.0,29.5,0.0
2007-04-01,0.0,0.0,2.5,28.0,0.0
2007-04-02,0.0,0.0,2.5,20.5,0.0
2007-04-03,0.0,0.0,3.0,28.0,0.0
2007-04-04,0.0,4.758156776428223,3.0,30.5,-4.758156776428223
2007-04-05,0.0,0.0,3.0,30.5,0.0
2007-04-06,0.0,0.0,3.5,30.5,0.0
2007-04-07,0.0,0.0,3.5,29.5,0.0
2007-04-08,0.0,0.0,2.5,22.5,0.0
2007-04-09,0.0,1.327653884887695,3.0,30.0,-1.327653884887695
2007-04-10,0.0,0.0,3.0,30.0,0.0
2007-04-11,0.0,0.0,3.5,29.0,0.0
2007-04-12,0.0,0.0,3.0,30.0,0.0
2007-04-13,0.0,0.0,3.0,29.0,0.0
2007-04-14,0.0,0.0,3.0,31.0,0.0
2007-04-15,0.0,0.0,5.0,30.0,0.0
2007-04-16,0.0,0.0,2.5,29.5,0.0
2007-04-17,0.0,0.0,5.0,31.5,0.0
2007-04-18,0.0,0.0,3.0,26.0,0.0
2007-04-19,0.0,0.0,2.0,21.5,0.0
2007-04-20,0.0,0.0,2.5,29.5,0.0
2007-04-21,0.0,0.0,2.5,29.0,0.0
2007-04-22,0.0,0.0,3.0,28.0,0.0
2007-04-23,0.0,0.0,3.0,29.0,0.0
2007-04-24,0.0,0.0,3.0,28.0,0.0
2007-04-25,0.0,0.0,3.0,30.5,0.0
2007-04-26,0.0,0.0,3.5,30.0,0.0
2007-04-27,0.0,0.0,3.0,28.0,0.0
2007-04-28,0.0,0.0,3.5,38.0,0.0
2007-04-29,0.0,0.0,5.0,29.0,0.0
2007-04-30,0.0,0.0,3.0,29.0,0.0
2007-05-01,0.0,0.0,4.0,27.0,0.0
2007-05-02,0.0,0.0,4.0,30.0,0.0
2007-05-03,0.0,0.0,3.5,28.0,0.0
2007-05-04,0.0,0.0,2.5,28.0,0.0
2007-05-05,0.0,0.0,3.0,29.0,0.0
2007-05-06,0.0,0.0,2.5,28.5,0.0
2007-05-07,0.0,0.0,2.5,29.0,0.0
2007-05-08,0.0,0.0,3.0,28.0,0.0
2007-05-09,0.0,0.0,2.5,30.0,0.0
2007-05-10,0.0,0.0,3.5,29.0,0.0
2007-05-11,0.0,0.0,3.0,28.0,0.0
2007-05-12,0.0,0.0,2.5,29.0,0.0
2007-05-13,0.0,0.0,3.0,28.0,0.0
2007-05-14,0.0,0.0,3.0,28.0,0.0
2007-05-15,0.0,0.0,2.5,29.5,0.0
2007-05-16,0.0,0.0,2.5,30.5,0.0
2007-05-17,0.0,0.0,3.0,30.0,0.0
2007-05-18,0.0,0.0,3.5,29.0,0.0
2007-05-19,0.0,0.0,3.0,29.5,0.0
2007-05-20,0.0,0.0,3.5,30.0,0.0
2007-05-21,0.0,0.0,3.5,30.0,0.0
2007-05-22,0.0,0.0,3.5,32.0,0.0
2007-05-23,0.0,0.0,4.0,30.0,0.0
2007-05-24,0.0,0.0,3.5,32.0,0.0
2007-05-25,0.0,0.0,4.0,31.0,0.0
2007-05-26,0.0,3.1834206581115723,4.0,30.0,-3.1834206581115723
2007-05-27,0.0,0.0,3.5,32.0,0.0
2007-05-28,0.0,0.0,4.0,31.0,0.0
2007-05-29,0.0,0.0,3.5,32.0,0.0
2007-05-30,0.0,0.0,4.0,34.0,0.0
2007-05-31,0.0,3.8024189472198486,4.5,34.0,-3.8024189472198486
2007-06-01,0.0,0.0,3.0,31.0,0.0
2007-06-02,0.0,0.0,3.0,35.0,0.0
2007-06-03,0.0,0.0,5.0,30.0,0.0
2007-06-04,0.0,0.0,4.5,31.0,0.0
2007-06-05,0.0,6.945784091949463,4.0,32.0,-6.945784091949463
2007-06-06,3.7,3.926720380783081,4.0,28.0,-0.22672038078308088
2007-06-07,0.0,3.926720380783081,3.5,29.0,-3.926720380783081
2007-06-08,0.0,0.0,4.0,27.0,0.0
2007-06-09,6.5,11.78016185760498,3.0,26.0,-5.2801618576049805
2007-06-10,0.0,3.926720380783081,3.0,27.5,-3.926720380783081
2007-06-11,0.0,0.0,3.0,29.5,0.0
2007-06-12,0.0,0.0,3.5,28.0,0.0
2007-06-13,0.0,4.681864261627197,3.0,27.0,-4.681864261627197
2007-06-14,0.0,4.681864261627197,5.0,26.0,-4.681864261627197
2007-06-15,0.0,4.681864261627197,2.5,29.5,-4.681864261627197
2007-06-16,0.0,0.0,3.5,29.5,0.0
2007-06-17,0.0,25.77480125427246,3.0,27.0,-25.77480125427246
2007-06-18,14.4,12.88740062713623,3.0,26.0,1.5125993728637699
2007-06-19,0.0,0.0,3.0,18.0,0.0
2007-06-20,20.0,0.0,4.0,20.0,20.0
2007-06-21,18.5,9.30141258239746,4.0,22.0,9.19858741760254
2007-06-22,15.8,9.30141258239746,3.0,24.0,6.4985874176025415
2007-06-23,0.0,0.0,3.0,28.5,0.0
2007-06-24,0.0,0.0,3.5,25.0,0.0
2007-06-25,0.0,18.60282516479492,3.0,21.0,-18.60282516479492
2007-06-26,20.0,24.36896514892578,2.5,23.0,-4.368965148925781
2007-06-27,20.0,12.18448257446289,2.5,20.0,7.815517425537109
2007-06-28,20.0,12.18448257446289,2.5,22.0,7.815517425537109
2007-06-29,0.0,12.18448257446289,2.5,21.0,-12.18448257446289
2007-06-30,0.0,0.0,2.5,21.0,0.0
2007-07-01,0.0,0.0,3.0,24.0,0.0
2007-07-02,0.0,4.426743984222412,3.0,21.0,-4.426743984222412
2007-07-03,0.0,2.213371992111206,2.5,23.0,-2.213371992111206
2007-07-04,0.0,4.426743984222412,3.0,20.0,-4.426743984222412
2007-07-05,0.0,4.426743984222412,2.5,23.0,-4.426743984222412
2007-07-06,18.9,7.591777801513672,2.5,20.0,11.308222198486327
2007-07-07,6.8,0.0,3.0,21.0,6.8
2007-07-08,0.0,3.795888900756836,2.5,22.0,-3.795888900756836
2007-07-09,0.0,0.0,2.5,22.0,0.0
2007-07-10,0.0,11.387666702270508,2.5,20.5,-11.387666702270508
2007-07-11,13.6,0.0,2.5,20.5,13.6
2007-07-12,0.0,10.672493934631348,2.5,22.0,-10.672493934631348
2007-07-13,0.0,0.0,2.5,20.0,0.0
2007-07-14,0.0,0.0,3.0,21.0,0.0
2007-07-15,0.0,0.0,3.0,21.5,0.0
2007-07-16,20.0,0.0,2.5,21.0,20.0
2007-07-17,5.0,16.520729064941406,2.5,23.5,-11.520729064941406
2007-07-18,0.0,8.260364532470703,2.0,19.0,-8.260364532470703
2007-07-19,0.0,0.0,2.5,21.0,0.0
2007-07-20,0.0,0.0,2.5,20.0,0.0
2007-07-21,5.6,0.0,2.5,22.0,5.6
2007-07-22,20.0,23.869604110717773,2.5,20.0,-3.8696041107177734
2007-07-23,0.0,11.934802055358888,2.5,26.0,-11.934802055358888
2007-07-24,0.0,0.0,3.0,25.0,0.0
2007-07-25,0.0,0.0,3.0,24.0,0.0
2007-07-26,8.0,8.292606353759766,2.5,24.0,-0.2926063537597656
2007-07-27,18.6,24.87782096862793,2.5,25.0,-6.277820968627928
2007-07-28,20.0,0.0,2.5,27.0,20.0
2007-07-29,0.0,8.292606353759766,3.0,23.5,-8.292606353759766
2007-07-30,0.0,0.0,2.5,23.0,0.0
2007-07-31,0.0,24.87782096862793,2.5,23.0,-24.87782096862793
2007-08-01,0.0,0.0,7.0,24.5,0.0
2007-08-02,0.0,0.0,8.0,26.0,0.0
2007-08-03,0.0,5.278884410858154,3.0,23.0,-5.278884410858154
2007-08-04,9.5,10.557768821716309,2.5,23.5,-1.0577688217163086
2007-08-05,0.0,10.557768821716309,2.5,25.0,-10.557768821716309
2007-08-06,0.0,0.0,2.5,25.0,0.0
2007-08-07,0.0,7.415989875793457,3.0,23.0,-7.415989875793457
2007-08-08,6.6,3.707994937896729,2.5,26.0,2.8920050621032707
2007-08-09,16.2,11.123985290527344,3.0,25.0,5.0760147094726555
2007-08-10,0.0,0.0,3.0,26.0,0.0
2007-08-11,0.0,10.647015571594238,2.5,24.0,-10.647015571594238
2007-08-12,15.7,0.0,3.0,26.0,15.7
2007-08-13,0.0,10.647015571594238,2.5,22.0,-10.647015571594238
2007-08-14,9.5,0.0,2.5,23.0,9.5
2007-08-15,0.0,0.0,3.0,22.0,0.0
2007-08-16,0.0,0.0,2.5,23.0,0.0
2007-08-17,16.9,0.0,2.5,26.0,16.9
2007-08-18,4.6,0.0,3.0,24.0,4.6
2007-08-19,0.0,28.845787048339844,2.5,23.0,-28.845787048339844
2007-08-20,0.0,0.0,2.5,21.5,0.0
2007-08-21,0.0,8.941252708435059,2.5,26.0,-8.941252708435059
2007-08-22,18.5,2.9804177284240723,3.0,23.0,15.519582271575928
2007-08-23,0.0,11.921670913696287,3.0,26.0,-11.921670913696287
2007-08-24,9.8,0.0,3.0,24.5,9.8
2007-08-25,20.0,0.0,2.0,21.5,20.0
2007-08-26,0.0,4.821633338928223,2.5,25.5,-4.821633338928223
2007-08-27,0.0,4.821633338928223,3.0,23.0,-4.821633338928223
2007-08-28,0.0,4.821633338928223,2.5,22.0,-4.821633338928223
2007-08-29,20.0,4.821633338928223,2.5,21.5,15.178366661071777
2007-08-30,0.0,4.821633338928223,3.0,21.0,-4.821633338928223
2007-08-31,0.0,0.0,2.5,21.0,0.0
2007-09-01,0.0,7.48876428604126,2.5,23.5,-7.48876428604126
2007-09-02,0.0,7.48876428604126,2.5,22.5,-7.48876428604126
2007-09-03,0.0,0.0,2.5,23.0,0.0
2007-09-04,0.0,0.0,2.5,25.0,0.0
2007-09-05,14.7,0.0,2.5,26.0,14.7
2007-09-06,17.9,14.206094741821287,3.0,21.5,3.6939052581787113
2007-09-07,20.0,7.1030473709106445,2.5,23.0,12.896952629089355
2007-09-08,19.8,7.1030473709106445,3.0,22.0,12.696952629089356
2007-09-09,42.0,14.206094741821287,2.5,23.5,27.79390525817871
2007-09-10,13.5,7.1030473709106445,2.5,23.0,6.3969526290893555
2007-09-11,8.2,8.866077423095703,2.5,25.0,-0.6660774230957038
2007-09-12,4.8,0.0,3.0,22.0,4.8
2007-09-13,6.0,13.299117088317873,2.5,23.0,-7.299117088317873
2007-09-14,0.0,8.866077423095703,2.5,26.0,-8.866077423095703
2007-09-15,0.0,4.433038711547852,3.0,23.0,-4.433038711547852
2007-09-16,0.0,0.0,3.0,22.0,0.0
2007-09-17,6.8,0.0,2.5,24.0,6.8
2007-09-18,9.2,0.0,3.0,25.0,9.2
2007-09-19,0.0,17.736347198486328,3.0,23.0,-17.736347198486328
2007-09-20,0.0,0.0,2.5,22.0,0.0
2007-09-21,0.0,4.199997425079346,2.5,24.0,-4.199997425079346
2007-09-22,0.0,0.0,2.5,24.5,0.0
2007-09-23,0.0,0.0,3.0,21.5,0.0
2007-09-24,0.0,0.0,2.5,22.0,0.0
2007-09-25,0.0,0.0,2.5,25.0,0.0
2007-09-26,0.0,0.0,3.0,24.0,0.0
2007-09-27,0.0,0.0,2.5,25.0,0.0
2007-09-28,0.0,0.0,3.0,23.0,0.0
2007-09-29,0.0,0.0,3.0,23.0,0.0
2007-09-30,0.0,0.0,2.5,23.0,0.0
2007-10-01,5.0,0.0,3.0,25.0,5.0
2007-10-02,0.0,0.0,3.0,23.0,0.0
2007-10-03,6.0,0.0,2.5,23.5,6.0
2007-10-04,0.0,0.0,2.5,24.0,0.0
2007-10-05,0.0,0.0,2.5,25.0,0.0
2007-10-06,0.0,0.0,3.0,22.5,0.0
2007-10-07,0.0,0.0,2.5,21.5,0.0
2007-10-08,0.0,0.0,2.5,24.0,0.0
2007-10-09,0.0,0.0,3.0,26.0,0.0
2007-10-10,0.0,0.0,3.0,26.0,0.0
2007-10-11,0.0,0.0,2.5,23.0,0.0
2007-10-12,0.0,0.0,2.5,25.0,0.0
2007-10-13,0.0,0.0,3.0,26.0,0.0
2007-10-14,0.0,0.0,5.0,20.5,0.0
2007-10-15,0.0,0.0,3.0,22.5,0.0
2007-10-16,0.0,0.0,2.5,24.5,0.0
2007-10-17,0.0,0.0,3.0,23.0,0.0
2007-10-18,0.0,0.0,2.5,24.0,0.0
2007-10-19,0.0,0.0,3.0,24.5,0.0
2007-10-20,0.0,0.0,3.0,25.5,0.0
2007-10-21,0.0,0.0,3.0,26.0,0.0
2007-10-22,0.0,0.0,3.0,23.5,0.0
2007-10-23,0.0,33.10010528564453,2.5,22.5,-33.10010528564453
2007-10-24,0.0,0.0,2.5,24.0,0.0
2007-10-25,0.0,0.0,2.5,22.5,0.0
2007-10-26,0.0,0.0,3.0,26.0,0.0
2007-10-27,0.0,0.0,3.0,24.5,0.0
2007-10-28,0.0,0.0,3.0,23.5,0.0
2007-10-29,0.0,0.0,2.5,22.0,0.0
2007-10-30,0.0,0.0,2.5,23.0,0.0
2007-10-31,0.0,0.0,2.5,23.0,0.0
2007-11-01,0.0,0.0,2.5,22.5,0.0
2007-11-02,0.0,0.0,2.5,21.5,0.0
2007-11-03,0.0,0.0,2.5,24.0,0.0
2007-11-04,0.0,0.0,2.5,22.5,0.0
2007-11-05,0.0,0.0,2.5,23.0,0.0
2007-11-06,0.0,0.0,2.5,25.0,0.0
2007-11-07,0.0,0.0,3.0,23.0,0.0
2007-11-08,0.0,0.0,2.5,26.0,0.0
2007-11-09,0.0,0.0,2.5,25.0,0.0
2007-11-10,0.0,0.0,2.5,25.0,0.0
2007-11-11,0.0,0.0,3.0,26.0,0.0
2007-11-12,0.0,0.0,3.0,24.0,0.0
2007-11-13,0.0,0.0,2.5,23.0,0.0
2007-11-14,0.0,0.0,2.5,25.0,0.0
2007-11-15,0.0,0.0,2.5,22.5,0.0
2007-11-16,0.0,0.0,2.0,23.5,0.0
2007-11-17,0.0,0.0,2.5,24.5,0.0
2007-11-18,0.0,3.1007673740386963,2.5,24.0,-3.1007673740386963
2007-11-19,0.0,3.1007673740386963,2.5,23.0,-3.1007673740386963
2007-11-20,0.0,3.1007673740386963,2.5,24.0,-3.1007673740386963
2007-11-21,0.0,0.0,2.5,25.0,0.0
2007-11-22,0.0,0.0,2.5,24.0,0.0
2007-11-23,0.0,0.0,2.5,22.5,0.0
2007-11-24,0.0,0.0,2.0,22.5,0.0
2007-11-25,0.0,0.0,2.5,21.5,0.0
2007-11-26,0.0,0.0,2.0,21.5,0.0
2007-11-27,0.0,0.0,2.0,26.0,0.0
2007-11-28,0.0,0.0,3.0,23.5,0.0
2007-11-29,0.0,0.0,3.5,25.0,0.0
2007-11-30,0.0,0.0,3.0,25.0,0.0
2007-12-01,0.0,0.0,3.0,24.0,0.0
2007-12-02,0.0,0.0,3.0,26.0,0.0
2007-12-03,0.0,0.0,3.0,26.5,0.0
2007-12-04,0.0,0.0,3.0,26.5,0.0
2007-12-05,0.0,0.0,3.0,23.5,0.0
2007-12-06,0.0,2.3003687858581543,2.5,25.5,-2.3003687858581543
2007-12-07,0.0,0.0,2.5,23.5,0.0
2007-12-08,0.0,0.0,2.5,27.5,0.0
2007-12-09,0.0,0.0,3.0,25.0,0.0
2007-12-10,0.0,0.0,2.5,26.0,0.0
2007-12-11,0.0,0.0,3.0,23.0,0.0
2007-12-12,0.0,0.0,2.5,21.5,0.0
2007-12-13,0.0,0.0,2.5,20.0,0.0
2007-12-14,0.0,0.0,2.0,24.0,0.0
2007-12-15,0.0,0.0,2.0,25.5,0.0
2007-12-16,0.0,0.0,2.5,24.5,0.0
2007-12-17,0.0,0.0,2.0,22.0,0.0
2007-12-18,0.0,0.0,3.0,22.0,0.0
2007-12-19,0.0,0.0,2.5,22.5,0.0
2007-12-20,0.0,0.0,2.5,23.0,0.0
2007-12-21,0.0,0.0,2.5,21.0,0.0
2007-12-22,0.0,0.0,2.5,22.0,0.0
2007-12-23,0.0,0.0,2.5,24.0,0.0
2007-12-24,0.0,0.0,3.0,22.0,0.0
2007-12-25,0.0,0.0,2.5,20.5,0.0
2007-12-26,0.0,0.0,2.0,20.0,0.0
2007-12-27,0.0,2.905698299407959,2.0,23.0,-2.905698299407959
2007-12-28,0.0,0.0,2.5,25.0,0.0
2007-12-29,0.0,0.0,2.5,26.0,0.0
2007-12-30,0.0,0.0,3.0,24.0,0.0
2007-12-31,0.0,0.0,2.5,24.0,0.0
2008-01-01,0.0,0.0,2.0,23.5,0.0
2008-01-02,0.0,0.0,2.0,27.0,0.0
2008-01-03,0.0,0.0,2.5,24.0,0.0
2008-01-04,0.0,0.0,2.5,23.5,0.0
2008-01-05,0.0,1.45300555229187,2.5,25.0,-1.45300555229187
2008-01-06,0.0,0.0,3.0,23.0,0.0
2008-01-07,0.0,0.0,2.5,20.5,0.0
2008-01-08,0.0,0.0,2.0,21.5,0.0
2008-01-09,0.0,0.0,2.0,19.5,0.0
2008-01-10,0.0,0.0,1.5,21.5,0.0
2008-01-11,0.0,0.0,2.0,23.0,0.0
2008-01-12,0.0,0.0,2.0,22.5,0.0
2008-01-13,0.0,0.0,2.0,20.5,0.0
2008-01-14,0.0,0.0,2.0,20.0,0.0
2008-01-15,0.0,0.0,2.0,24.0,0.0
2008-01-16,0.0,0.0,3.0,25.0,0.0
2008-01-17,0.0,0.0,2.5,24.0,0.0
2008-01-18,0.0,4.4852213859558105,2.5,23.5,-4.4852213859558105
2008-01-19,0.0,0.0,2.5,26.0,0.0
2008-01-20,0.0,0.0,3.0,25.0,0.0
2008-01-21,0.0,0.0,2.0,26.0,0.0
2008-01-22,0.0,0.0,3.0,26.0,0.0
2008-01-23,0.0,0.0,2.5,25.0,0.0
2008-01-24,0.0,0.0,3.0,26.0,0.0
2008-01-25,0.0,0.0,3.0,26.0,0.0
2008-01-26,0.0,0.0,2.5,25.0,0.0
2008-01-27,0.0,0.0,2.5,26.0,0.0
2008-01-28,0.0,0.0,3.0,25.5,0.0
2008-01-29,0.0,0.0,3.0,26.0,0.0
2008-01-30,0.0,0.0,3.0,25.0,0.0
2008-01-31,0.0,0.0,2.5,25.5,0.0
2008-02-01,0.0,0.0,3.0,26.0,0.0
2008-02-02,0.0,0.0,3.0,25.5,0.0
2008-02-03,0.0,0.0,2.5,24.0,0.0
2008-02-04,0.0,0.0,2.5,25.0,0.0
2008-02-05,0.0,0.0,3.0,26.5,0.0
2008-02-06,0.0,0.0,3.0,26.0,0.0
2008-02-07,0.0,0.0,3.0,26.0,0.0
2008-02-08,0.0,0.0,2.5,24.5,0.0
2008-02-09,0.0,0.0,2.5,26.0,0.0
2008-02-10,0.0,2.549269199371338,3.0,25.0,-2.549269199371338
2008-02-11,0.0,0.0,2.5,24.0,0.0
2008-02-12,0.0,0.0,2.5,26.0,0.0
2008-02-13,0.0,0.0,3.0,26.5,0.0
2008-02-14,0.0,0.0,3.0,26.0,0.0
2008-02-15,0.0,0.0,3.0,24.5,0.0
2008-02-16,0.0,0.0,3.0,24.5,0.0
2008-02-17,0.0,0.0,2.5,24.0,0.0
2008-02-18,0.0,0.0,2.5,26.5,0.0
2008-02-19,0.0,0.0,3.0,26.0,0.0
2008-02-20,0.0,0.0,3.0,25.0,0.0
2008-02-21,0.0,0.0,3.0,26.0,0.0
2008-02-22,0.0,0.0,3.0,26.0,0.0
2008-02-23,0.0,0.0,3.0,25.5,0.0
2008-02-24,0.0,0.0,2.5,24.5,0.0
2008-02-25,0.0,0.0,2.5,26.5,0.0
2008-02-26,0.0,0.4769161343574524,3.0,31.5,-0.4769161343574524
2008-02-27,0.0,0.0,3.0,28.0,0.0
2008-02-28,0.0,0.0,2.5,27.5,0.0
2008-02-29,0.0,0.0,2.5,27.5,0.0
2008-03-01,0.0,0.0,2.5,26.5,0.0
2008-03-02,0.0,0.0,2.5,25.0,0.0
2008-03-03,0.0,0.0,2.5,27.5,0.0
2008-03-04,0.0,0.0,3.0,26.5,0.0
2008-03-05,0.0,0.0,2.5,30.0,0.0
2008-03-06,0.0,0.0,5.0,35.0,0.0
2008-03-07,0.0,0.0,3.0,28.0,0.0
2008-03-08,0.0,0.0,3.0,30.0,0.0
2008-03-09,0.0,0.0,3.5,29.0,0.0
2008-03-10,0.0,0.0,3.0,29.0,0.0
2008-03-11,0.0,0.0,3.0,28.0,0.0
2008-03-12,0.0,0.0,3.0,26.0,0.0
2008-03-13,0.0,0.0,3.0,27.5,0.0
2008-03-14,0.0,0.0,3.5,28.0,0.0
2008-03-15,0.0,0.0,3.5,28.0,0.0
2008-03-16,0.0,0.0,3.5,29.0,0.0
2008-03-17,0.0,0.0,4.5,30.0,0.0
2008-03-18,0.0,0.0,4.5,29.0,0.0
2008-03-19,0.0,0.0,4.0,31.0,0.0
2008-03-20,0.0,0.0,5.0,29.5,0.0
2008-03-21,0.0,0.0,4.0,31.0,0.0
2008-03-22,0.0,0.0,5.0,29.5,0.0
2008-03-23,0.0,0.0,3.5,30.0,0.0
2008-03-24,0.0,0.0,3.5,31.0,0.0
2008-03-25,0.0,0.0,4.5,29.0,0.0
2008-03-26,0.0,0.0,3.5,30.0,0.0
2008-03-27,0.0,0.0,4.0,29.5,0.0
2008-03-28,0.0,0.0,3.5,28.0,0.0
2008-03-29,0.0,0.0,3.0,30.5,0.0
2008-03-30,0.0,0.0,4.5,31.5,0.0
2008-03-31,0.0,0.0,5.0,31.5,0.0
2008-04-01,0.0,0.0,5.0,32.0,0.0
2008-04-02,0.0,0.0,5.0,30.0,0.0
2008-04-03,0.0,0.0,6.0,32.0,0.0
2008-04-04,0.0,0.0,5.0,31.5,0.0
2008-04-05,0.0,0.0,4.5,31.0,0.0
2008-04-06,0.0,0.0,4.0,30.0,0.0
2008-04-07,0.0,0.0,4.0,29.5,0.0
2008-04-08,0.0,0.0,3.0,30.0,0.0
2008-04-09,0.0,0.0,3.5,33.5,0.0
2008-04-10,0.0,0.0,3.5,29.5,0.0
2008-04-11,0.0,0.0,4.0,31.0,0.0
2008-04-12,0.0,0.0,4.0,30.0,0.0
2008-04-13,0.0,0.0,4.0,31.0,0.0
2008-04-14,0.0,3.9091763496398926,4.0,29.0,-3.9091763496398926
2008-04-15,0.0,0.0,4.0,30.0,0.0
2008-04-16,0.0,0.0,4.0,30.0,0.0
2008-04-17,0.0,0.0,4.0,31.5,0.0
2008-04-18,0.0,0.0,4.5,32.0,0.0
2008-04-19,0.0,0.0,5.0,31.0,0.0
2008-04-20,0.0,0.0,4.5,29.0,0.0
2008-04-21,0.0,0.0,4.0,30.5,0.0
2008-04-22,0.0,0.0,3.5,29.5,0.0
2008-04-23,0.0,0.0,3.0,30.0,0.0
2008-04-24,0.0,0.0,3.0,31.0,0.0
2008-04-25,0.0,0.0,3.0,31.0,0.0
2008-04-26,0.0,0.0,3.0,32.0,0.0
2008-04-27,0.0,0.0,4.0,33.0,0.0
2008-04-28,0.0,0.0,5.0,31.0,0.0
2008-04-29,0.0,3.59104871749878,4.0,32.0,-3.59104871749878
2008-04-30,0.0,0.0,4.0,32.0,0.0
2008-05-01,0.0,0.0,3.5,31.5,0.0
2008-05-02,0.0,0.0,3.5,34.0,0.0
2008-05-03,0.0,0.0,6.5,33.0,0.0
2008-05-04,0.0,0.0,7.0,32.0,0.0
2008-05-05,0.0,0.0,5.5,33.0,0.0
2008-05-06,0.0,0.0,6.0,30.5,0.0
2008-05-07,0.0,2.259842872619629,4.5,31.0,-2.259842872619629
2008-05-08,0.0,0.0,5.0,33.0,0.0
2008-05-09,0.0,0.0,6.0,32.0,0.0
2008-05-10,0.0,0.0,5.0,32.0,0.0
2008-05-11,0.0,0.0,4.5,30.5,0.0
2008-05-12,0.0,1.479897379875183,4.0,31.5,-1.479897379875183
2008-05-13,0.0,2.959794759750366,4.5,30.0,-2.959794759750366
2008-05-14,0.0,0.0,4.0,34.0,0.0
2008-05-15,0.0,0.0,6.0,34.5,0.0
2008-05-16,0.0,2.340240240097046,6.5,34.5,-2.340240240097046
2008-05-17,0.0,0.0,5.0,31.5,0.0
2008-05-18,0.0,0.0,4.0,32.0,0.0
2008-05-19,0.0,0.0,4.0,30.0,0.0
2008-05-20,0.0,0.0,3.5,30.0,0.0
2008-05-21,0.0,0.0,3.5,31.5,0.0
2008-05-22,0.0,0.0,4.0,30.0,0.0
2008-05-23,0.0,0.0,4.0,24.0,0.0
2008-05-24,0.0,0.0,3.5,24.0,0.0
2008-05-25,0.0,0.0,6.0,32.0,0.0
2008-05-26,0.0,0.0,5.0,34.0,0.0
2008-05-27,0.0,0.0,5.5,33.0,0.0
2008-05-28,0.0,0.0,5.5,30.0,0.0
2008-05-29,0.0,0.0,4.5,32.0,0.0
2008-05-30,0.0,0.0,4.0,34.0,0.0
2008-05-31,0.0,0.0,6.0,34.0,0.0
2008-06-01,0.0,0.0,5.0,33.0,0.0
2008-06-02,0.0,0.0,5.0,34.0,0.0
2008-06-03,0.0,0.0,6.5,33.0,0.0
2008-06-04,0.0,0.0,6.0,25.5,0.0
2008-06-05,0.0,0.0,3.0,26.0,0.0
2008-06-06,15.2,0.0,3.0,25.0,15.2
2008-06-07,7.1,7.0606770515441895,5.0,24.5,0.03932294845581019
2008-06-08,18.5,7.0606770515441895,3.0,28.0,11.43932294845581
2008-06-09,0.0,28.24270820617676,2.5,26.0,-28.24270820617676
2008-06-10,8.5,42.36406326293945,5.0,24.0,-33.86406326293945
2008-06-11,18.0,23.85671043395996,2.5,25.5,-5.856710433959961
2008-06-12,17.5,15.90447235107422,3.0,25.5,1.5955276489257795
2008-06-13,6.5,0.0,2.5,23.0,6.5
2008-06-14,60.2,0.0,2.5,24.0,60.2
2008-06-15,0.0,7.952236175537109,3.5,21.5,-7.952236175537109
2008-06-16,6.0,9.321290016174316,3.0,24.0,-3.3212900161743164
2008-06-17,20.0,4.660645008087158,3.0,25.0,15.339354991912842
2008-06-18,20.0,13.981934547424316,3.0,22.0,6.018065452575684
2008-06-19,0.0,0.0,2.0,24.5,0.0
2008-06-20,0.0,0.0,3.5,24.0,0.0
2008-06-21,0.0,6.430671215057373,2.5,20.0,-6.430671215057373
2008-06-22,16.0,9.646007537841797,3.0,23.0,6.353992462158203
2008-06-23,20.1,12.861342430114746,2.5,26.0,7.238657569885255
2008-06-24,11.8,3.2153356075286865,3.0,23.0,8.584664392471314
2008-06-25,0.0,6.430671215057373,2.5,20.0,-6.430671215057373
2008-06-26,0.0,11.715655326843262,3.0,25.0,-11.715655326843262
2008-06-27,18.5,0.0,3.0,25.0,18.5
2008-06-28,6.8,23.431310653686523,2.5,25.0,-16.631310653686523
2008-06-29,13.4,5.857827663421631,3.0,23.5,7.5421723365783695
2008-06-30,0.0,11.715655326843262,2.5,23.5,-11.715655326843262
2008-07-01,17.5,9.228754043579102,3.0,24.0,8.271245956420898
2008-07-02,0.0,4.614377021789551,3.0,21.5,-4.614377021789551
2008-07-03,8.5,0.0,2.5,23.0,8.5
2008-07-04,13.5,0.0,3.0,20.5,13.5
2008-07-05,0.0,23.07188415527344,2.5,23.0,-23.07188415527344
2008-07-06,18.1,16.166913986206055,2.5,20.5,1.9330860137939467
2008-07-07,20.8,20.208641052246094,2.5,26.0,0.591358947753907
2008-07-08,0.0,28.29210090637207,3.0,22.0,-28.29210090637207
2008-07-09,0.0,12.125186920166016,3.0,23.0,-12.125186920166016
2008-07-10,18.4,8.083456993103027,2.5,24.0,10.316543006896971
2008-07-11,0.0,11.037466049194336,3.0,26.5,-11.037466049194336
2008-07-12,0.0,2.207493305206299,3.0,24.5,-2.207493305206299
2008-07-13,30.6,0.0,3.0,20.0,30.6
2008-07-14,0.0,2.207493305206299,2.5,23.0,-2.207493305206299
2008-07-15,0.0,4.414986610412598,3.0,23.0,-4.414986610412598
2008-07-16,9.5,4.192374706268311,3.0,24.0,5.307625293731689
2008-07-17,16.2,0.0,3.0,23.0,16.2
2008-07-18,0.0,8.384749412536621,2.5,24.0,-8.384749412536621
2008-07-19,23.8,4.192374706268311,2.5,24.0,19.60762529373169
2008-07-20,0.0,4.192374706268311,2.5,20.5,-4.192374706268311
2008-07-21,5.0,10.705432891845703,2.5,25.0,-5.705432891845703
2008-07-22,19.6,0.0,3.0,25.0,19.6
2008-07-23,2.1,0.0,3.0,26.0,2.1
2008-07-24,0.0,0.0,3.0,25.0,0.0
2008-07-25,0.0,7.136955261230469,2.0,26.0,-7.136955261230469
2008-07-26,8.4,5.337111949920654,3.0,24.5,3.062888050079346
2008-07-27,15.8,10.674223899841309,3.0,23.0,5.125776100158692
2008-07-28,0.0,0.0,2.5,26.0,0.0
2008-07-29,0.0,0.0,2.5,26.5,0.0
2008-07-30,0.0,10.674223899841309,3.0,24.5,-10.674223899841309
2008-07-31,0.0,10.674223899841309,3.0,24.5,-10.674223899841309
2008-08-01,20.9,21.536909103393555,2.0,22.5,-0.6369091033935561
2008-08-02,18.4,0.0,2.0,21.5,18.4
2008-08-03,0.0,0.0,2.5,23.5,0.0
2008-08-04,0.0,10.768454551696776,2.5,26.0,-10.768454551696776
2008-08-05,0.0,0.0,3.0,25.0,0.0
2008-08-06,60.5,0.0,2.5,24.5,60.5
2008-08-07,0.0,17.551471710205078,3.0,23.0,-17.551471710205078
2008-08-08,26.1,0.0,2.5,24.0,26.1
2008-08-09,14.8,8.775735855102539,3.0,25.0,6.024264144897462
2008-08-10,19.8,8.775735855102539,3.0,26.0,11.024264144897462
2008-08-11,16.9,0.0,3.0,23.0,16.9
2008-08-12,18.2,15.545352935791016,2.5,24.5,2.6546470642089837
2008-08-13,0.0,0.0,2.5,25.0,0.0
2008-08-14,0.0,0.0,3.0,22.5,0.0
2008-08-15,0.0,0.0,2.5,25.5,0.0
2008-08-16,0.0,4.613834857940674,2.5,26.5,-4.613834857940674
2008-08-17,0.0,4.613834857940674,3.0,26.5,-4.613834857940674
2008-08-18,28.2,0.0,3.0,23.0,28.2
2008-08-19,0.0,13.841506004333496,2.5,23.5,-13.841506004333496
2008-08-20,47.5,9.227669715881348,2.5,24.5,38.27233028411865
2008-08-21,20.0,6.541230201721191,2.5,23.5,13.458769798278809
2008-08-22,0.0,0.0,2.5,25.5,0.0
2008-08-23,0.0,6.541230201721191,2.5,26.5,-6.541230201721191
2008-08-24,0.0,0.0,2.5,26.5,0.0
2008-08-25,0.0,6.541230201721191,2.5,27.0,-6.541230201721191
2008-08-26,50.4,4.829501152038574,3.0,25.0,45.570498847961424
2008-08-27,10.6,19.318004608154297,2.5,23.0,-8.718004608154297
2008-08-28,0.0,4.829501152038574,2.5,26.5,-4.829501152038574
2008-08-29,15.0,4.829501152038574,3.0,26.5,10.170498847961426
2008-08-30,0.0,4.829501152038574,3.0,26.5,-4.829501152038574
2008-08-31,0.0,19.318004608154297,3.0,26.5,-19.318004608154297
2008-09-01,0.0,0.0,3.0,27.0,0.0
2008-09-02,0.9,5.640110969543457,3.0,24.5,-4.740110969543457
2008-09-03,0.0,11.280221939086914,2.5,26.0,-11.280221939086914
2008-09-04,0.0,5.640110969543457,2.5,26.5,-5.640110969543457
2008-09-05,24.8,0.0,3.0,24.5,24.8
2008-09-06,0.0,0.0,2.5,26.5,0.0
2008-09-07,0.0,0.0,3.0,27.5,0.0
2008-09-08,0.0,6.205519676208496,3.0,25.0,-6.205519676208496
2008-09-09,26.8,6.205519676208496,2.5,23.5,20.594480323791505
2008-09-10,30.6,18.616559982299805,2.5,25.0,11.983440017700197
2008-09-11,21.3,0.0,3.0,23.0,21.3
2008-09-12,0.0,0.0,2.5,25.5,0.0
2008-09-13,0.0,0.0,3.0,26.5,0.0
2008-09-14,0.0,35.853397369384766,3.0,24.0,-35.853397369384766
2008-09-15,0.0,0.0,2.5,24.0,0.0
2008-09-16,20.5,0.0,2.5,25.0,20.5
2008-09-17,16.5,0.0,3.0,25.0,16.5
2008-09-18,28.0,0.0,3.0,23.5,28.0
2008-09-19,14.1,0.0,2.5,25.5,14.1
2008-09-20,0.0,37.77658081054688,3.0,24.0,-37.77658081054688
2008-09-21,0.0,9.036039352416992,3.0,25.5,-9.036039352416992
2008-09-22,0.0,0.0,3.0,23.0,0.0
2008-09-23,0.0,3.388514757156372,2.5,25.0,-3.388514757156372
2008-09-24,0.0,0.0,2.5,25.0,0.0
2008-09-25,0.0,3.872588396072388,3.0,23.0,-3.872588396072388
2008-09-26,0.0,0.0,2.5,26.0,0.0
2008-09-27,0.0,0.0,3.0,24.5,0.0
2008-09-28,0.0,0.0,3.0,24.0,0.0
2008-09-29,0.0,0.0,3.0,23.5,0.0
2008-09-30,0.0,0.0,2.5,23.0,0.0
2008-10-01,0.0,0.0,2.5,24.0,0.0
2008-10-02,0.0,0.0,2.5,25.5,0.0
2008-10-03,0.0,0.0,3.0,23.0,0.0
2008-10-04,0.0,0.0,2.0,24.0,0.0
2008-10-05,0.0,0.0,3.0,22.5,0.0
2008-10-06,0.0,0.0,2.5,25.0,0.0
2008-10-07,31.2,0.0,3.0,23.5,31.2
2008-10-08,0.0,9.02801513671875,2.5,25.0,-9.02801513671875
2008-10-09,0.0,0.0,3.0,25.5,0.0
2008-10-10,0.0,0.0,3.0,25.0,0.0
2008-10-11,16.3,11.755867958068848,2.5,26.0,4.544132041931153
2008-10-12,0.0,5.143191814422607,3.0,26.0,-5.143191814422607
2008-10-13,0.0,0.0,3.0,27.0,0.0
2008-10-14,0.0,0.0,2.5,23.0,0.0
2008-10-15,20.5,0.0,2.5,22.5,20.5
2008-10-16,0.0,0.0,2.5,25.0,0.0
2008-10-17,9.0,0.0,2.5,25.0,9.0
2008-10-18,0.0,0.0,3.0,25.0,0.0
2008-10-19,0.0,0.0,3.0,24.0,0.0
2008-10-20,0.0,0.0,2.5,23.0,0.0
2008-10-21,0.0,0.0,2.5,24.5,0.0
2008-10-22,0.0,0.0,3.0,26.0,0.0
2008-10-23,0.0,0.0,3.0,25.5,0.0
2008-10-24,0.0,11.980134963989258,3.0,26.0,-11.980134963989258
2008-10-25,0.0,0.0,2.0,23.5,0.0
2008-10-26,0.0,0.0,2.5,25.5,0.0
2008-10-27,0.0,0.0,3.0,24.0,0.0
2008-10-28,0.0,0.0,2.5,25.0,0.0
2008-10-29,0.0,0.0,2.5,26.5,0.0
2008-10-30,0.0,0.0,3.0,25.5,0.0
2008-10-31,0.0,0.0,3.0,25.5,0.0
2008-11-01,0.0,0.0,3.0,26.0,0.0
2008-11-02,0.0,0.0,0.3,27.0,0.0
2008-11-03,0.0,2.745518922805786,3.0,25.5,-2.745518922805786
2008-11-04,0.0,0.0,2.5,20.0,0.0
2008-11-05,0.0,0.0,2.5,29.0,0.0
2008-11-06,0.0,0.0,2.0,18.5,0.0
2008-11-07,0.0,0.0,2.0,18.5,0.0
2008-11-08,0.0,0.0,2.0,20.0,0.0
2008-11-09,0.0,0.0,2.0,19.5,0.0
2008-11-10,0.0,0.0,2.0,20.0,0.0
2008-11-11,0.0,0.0,2.5,21.0,0.0
2008-11-12,0.0,0.0,2.5,20.5,0.0
2008-11-13,0.0,0.0,2.0,21.5,0.0
2008-11-14,0.0,0.0,2.5,19.5,0.0
2008-11-15,0.0,0.0,2.0,18.5,0.0
2008-11-16,0.0,0.0,2.5,20.5,0.0
2008-11-17,0.0,0.0,2.5,21.0,0.0
2008-11-18,0.0,0.0,2.0,19.5,0.0
2008-11-19,0.0,0.0,2.0,19.5,0.0
2008-11-20,0.0,0.0,2.0,21.5,0.0
2008-11-21,0.0,0.0,2.5,19.0,0.0
2008-11-22,0.0,0.0,2.0,18.5,0.0
2008-11-23,0.0,0.0,2.0,21.5,0.0
2008-11-24,0.0,0.0,2.5,23.0,0.0
2008-11-25,0.0,0.0,2.5,20.5,0.0
2008-11-26,0.0,0.0,2.5,19.5,0.0
2008-11-27,0.0,0.0,3.0,20.0,0.0
2008-11-28,0.0,0.0,2.5,19.5,0.0
2008-11-29,0.0,0.0,2.0,32.0,0.0
2008-11-30,0.0,2.751185178756714,2.5,24.0,-2.751185178756714
2008-12-01,0.0,0.0,2.5,25.0,0.0
2008-12-02,0.0,0.0,2.5,25.0,0.0
2008-12-03,0.0,0.0,2.5,23.5,0.0
2008-12-04,0.0,0.0,2.5,21.5,0.0
2008-12-05,0.0,0.0,2.5,22.5,0.0
2008-12-06,0.0,0.0,3.0,21.5,0.0
2008-12-07,0.0,0.0,2.5,20.0,0.0
2008-12-08,0.0,4.057662963867188,2.0,19.5,-4.057662963867188
2008-12-09,0.0,0.0,1.5,21.0,0.0
2008-12-10,0.0,0.0,2.0,23.0,0.0
2008-12-11,0.0,0.0,2.5,20.0,0.0
2008-12-12,0.0,0.0,2.5,20.5,0.0
2008-12-13,0.0,0.0,2.5,21.5,0.0
2008-12-14,0.0,0.0,2.5,14.5,0.0
2008-12-15,0.0,0.0,3.0,23.0,0.0
2008-12-16,0.0,0.0,2.5,20.0,0.0
2008-12-17,0.0,0.0,2.0,21.5,0.0
2008-12-18,0.0,0.0,2.5,20.0,0.0
2008-12-19,0.0,0.0,2.5,19.5,0.0
2008-12-20,0.0,0.0,1.5,21.5,0.0
2008-12-21,0.0,0.0,2.0,18.5,0.0
2008-12-22,0.0,0.0,1.5,22.0,0.0
2008-12-23,0.0,0.0,2.0,21.0,0.0
2008-12-24,0.0,0.0,2.0,19.0,0.0
2008-12-25,0.0,0.0,2.0,23.0,0.0
2008-12-26,0.0,0.0,3.0,21.5,0.0
2008-12-27,0.0,0.0,2.5,23.5,0.0
2008-12-28,0.0,0.0,2.5,20.0,0.0
2008-12-29,0.0,0.0,2.5,21.5,0.0
2008-12-30,0.0,0.0,3.0,19.0,0.0
2008-12-31,0.0,0.0,2.0,19.0,0.0
2009-01-01,0.0,0.0,2.0,20.0,0.0
2009-01-02,0.0,0.0,2.0,19.5,0.0
2009-01-03,0.0,0.0,2.0,21.0,0.0
2009-01-04,0.0,0.0,2.0,19.5,0.0
2009-01-05,0.0,0.0,2.0,20.0,0.0
2009-01-06,0.0,0.0,2.0,18.5,0.0
2009-01-07,0.0,0.0,1.5,21.5,0.0
2009-01-08,0.0,0.0,2.5,20.0,0.0
2009-01-09,0.0,0.0,3.0,23.0,0.0
2009-01-10,0.0,0.0,3.0,24.5,0.0
2009-01-11,0.0,0.0,3.0,25.0,0.0
2009-01-12,0.0,0.0,5.0,24.0,0.0
2009-01-13,0.0,0.0,3.0,25.0,0.0
2009-01-14,0.0,0.0,,25.5,0.0
2009-01-15,0.0,3.660048246383667,,26.0,-3.660048246383667
2009-01-16,0.0,3.3287315368652344,,26.0,-3.3287315368652344
2009-01-17,0.0,0.0,,26.5,0.0
2009-01-18,0.0,0.0,,25.5,0.0
2009-01-19,0.0,0.0,,26.0,0.0
2009-01-20,0.0,0.0,,26.5,0.0
2009-01-21,0.0,0.0,,25.0,0.0
2009-01-22,0.0,0.0,,26.0,0.0
2009-01-23,0.0,0.0,,26.5,0.0
2009-01-24,0.0,0.0,5.0,26.0,0.0
2009-01-25,0.0,0.0,3.0,25.0,0.0
2009-01-26,0.0,0.0,3.0,25.0,0.0
2009-01-27,0.0,0.0,3.0,26.5,0.0
2009-01-28,0.0,0.0,3.0,26.5,0.0
2009-01-29,0.0,0.0,5.0,26.0,0.0
2009-01-30,0.0,0.0,3.0,26.0,0.0
2009-01-31,0.0,0.0,3.0,26.0,0.0
2009-02-01,0.0,0.0,3.0,27.0,0.0
2009-02-02,0.0,0.0,5.0,25.0,0.0
2009-02-03,0.0,0.0,3.0,26.0,0.0
2009-02-04,0.0,0.0,3.0,23.0,0.0
2009-02-05,0.0,0.0,2.5,25.0,0.0
2009-02-06,0.0,0.0,5.0,25.5,0.0
2009-02-07,0.0,0.0,5.0,27.5,0.0
2009-02-08,0.0,0.0,5.0,27.5,0.0
2009-02-09,0.0,0.0,5.0,25.0,0.0
2009-02-10,0.0,0.0,5.0,27.0,0.0
2009-02-11,0.0,0.0,5.0,26.0,0.0
2009-02-12,0.0,0.0,5.0,23.0,0.0
2009-02-13,0.0,0.0,2.0,26.5,0.0
2009-02-14,0.0,0.0,3.0,25.0,0.0
2009-02-15,0.0,0.0,2.0,27.0,0.0
2009-02-16,0.0,0.0,3.0,26.0,0.0
2009-02-17,0.0,0.0,3.0,26.0,0.0
2009-02-18,0.0,0.0,3.0,25.0,0.0
2009-02-19,0.0,0.0,3.0,27.0,0.0
2009-02-20,0.0,0.0,3.0,24.0,0.0
2009-02-21,0.0,0.0,3.0,26.0,0.0
2009-02-22,0.0,0.0,3.0,27.5,0.0
2009-02-23,0.0,0.0,5.0,26.0,0.0
2009-02-24,0.0,0.0,5.0,23.0,0.0
2009-02-25,0.0,0.0,2.5,26.0,0.0
2009-02-26,0.0,0.0,3.0,27.0,0.0
2009-02-27,0.0,0.0,3.0,28.0,0.0
2009-02-28,0.0,0.0,3.5,28.0,0.0
2009-03-01,0.0,0.0,4.0,28.0,0.0
2009-03-02,0.0,0.0,4.0,28.5,0.0
2009-03-03,0.0,0.0,4.0,28.0,0.0
2009-03-04,0.0,0.0,4.0,24.0,0.0
2009-03-05,0.0,0.0,4.0,28.0,0.0
2009-03-06,0.0,0.0,4.0,29.0,0.0
2009-03-07,0.0,0.0,4.0,27.5,0.0
2009-03-08,0.0,0.0,3.5,27.5,0.0
2009-03-09,0.0,0.0,3.5,29.0,0.0
2009-03-10,0.0,0.0,4.0,29.0,0.0
2009-03-11,0.0,0.0,4.0,29.0,0.0
2009-03-12,0.0,0.0,4.0,28.0,0.0
2009-03-13,0.0,0.0,3.5,28.0,0.0
2009-03-14,0.0,0.0,4.0,29.5,0.0
2009-03-15,0.0,0.0,4.0,29.0,0.0
2009-03-16,0.0,0.0,4.5,28.0,0.0
2009-03-17,0.0,0.0,4.0,29.0,0.0
2009-03-18,0.0,0.0,4.0,29.0,0.0
2009-03-19,0.0,0.0,4.0,29.0,0.0
2009-03-20,0.0,0.0,4.0,28.0,0.0
2009-03-21,0.0,0.0,4.5,28.0,0.0
2009-03-22,0.0,0.0,4.5,29.0,0.0
2009-03-23,0.0,0.0,4.5,29.0,0.0
2009-03-24,0.0,0.0,4.0,29.5,0.0
2009-03-25,0.0,0.0,4.0,28.5,0.0
2009-03-26,0.0,0.0,4.5,29.0,0.0
2009-03-27,0.0,0.0,4.0,31.5,0.0
2009-03-28,0.0,0.0,5.5,32.0,0.0
2009-03-29,0.0,0.0,5.0,33.0,0.0
2009-03-30,0.0,0.0,5.5,30.0,0.0
2009-03-31,0.0,0.0,4.5,30.0,0.0
2009-04-01,0.0,0.0,3.5,32.0,0.0
2009-04-02,0.0,0.0,3.5,28.0,0.0
2009-04-03,0.0,0.0,3.0,37.5,0.0
2009-04-04,0.0,0.0,3.0,29.0,0.0
2009-04-05,0.0,0.0,3.0,29.5,0.0
2009-04-06,0.0,0.0,3.0,28.5,0.0
2009-04-07,0.0,0.0,3.0,30.0,0.0
2009-04-08,0.0,0.0,3.0,31.0,0.0
2009-04-09,0.0,0.0,4.0,31.0,0.0
2009-04-10,0.0,0.0,4.0,29.0,0.0
2009-04-11,0.0,0.0,3.0,29.0,0.0
2009-04-12,0.0,0.0,3.0,29.0,0.0
2009-04-13,0.0,0.0,3.0,29.0,0.0
2009-04-14,0.0,0.0,3.0,27.0,0.0
2009-04-15,0.0,0.0,3.0,28.0,0.0
2009-04-16,0.0,0.0,3.0,36.0,0.0
2009-04-17,0.0,0.0,3.5,32.0,0.0
2009-04-18,0.0,0.0,4.0,29.5,0.0
2009-04-19,0.0,0.0,3.0,28.5,0.0
2009-04-20,0.0,0.0,3.0,30.0,0.0
2009-04-21,0.0,0.0,3.0,29.5,0.0
2009-04-22,0.0,0.0,3.0,28.0,0.0
2009-04-23,0.0,0.0,2.5,29.0,0.0
2009-04-24,0.0,0.0,3.0,32.5,0.0
2009-04-25,0.0,0.0,3.0,33.0,0.0
2009-04-26,0.0,0.0,6.0,31.0,0.0
2009-04-27,0.0,0.0,5.5,32.0,0.0
2009-04-28,0.0,0.0,6.0,30.5,0.0
2009-04-29,0.0,0.0,7.0,30.0,0.0
2009-04-30,0.0,0.0,3.0,30.0,0.0
2009-05-01,0.0,0.0,3.0,31.0,0.0
2009-05-02,0.0,0.0,3.0,32.5,0.0
2009-05-03,0.0,0.0,3.5,30.5,0.0
2009-05-04,0.0,0.0,3.5,31.5,0.0
2009-05-05,0.0,0.0,4.5,32.0,0.0
2009-05-06,0.0,0.0,4.5,31.0,0.0
2009-05-07,0.0,0.0,3.0,32.0,0.0
2009-05-08,0.0,0.0,4.5,33.0,0.0
2009-05-09,0.0,4.241208553314209,5.5,36.0,-4.241208553314209
2009-05-10,0.0,6.361812591552734,6.0,32.0,-6.361812591552734
2009-05-11,0.0,1.5697736740112305,4.5,27.0,-1.5697736740112305
2009-05-12,0.0,4.709320545196533,3.0,26.5,-4.709320545196533
2009-05-13,0.0,0.0,2.5,28.0,0.0
2009-05-14,0.0,1.5697736740112305,3.0,26.0,-1.5697736740112305
2009-05-15,0.0,1.5697736740112305,3.0,34.5,-1.5697736740112305
2009-05-16,0.0,0.0,6.5,35.0,0.0
2009-05-17,0.0,6.883322715759277,6.5,33.0,-6.883322715759277
2009-05-18,0.0,3.4416613578796387,5.0,33.5,-3.4416613578796387
2009-05-19,0.0,0.0,5.0,32.0,0.0
2009-05-20,0.0,3.4416613578796387,4.5,32.0,-3.4416613578796387
2009-05-21,0.0,0.0,4.5,34.5,0.0
2009-05-22,0.0,0.0,5.5,32.0,0.0
2009-05-23,0.0,0.0,4.0,31.0,0.0
2009-05-24,0.0,0.0,4.0,31.0,0.0
2009-05-25,0.0,0.0,3.5,32.0,0.0
2009-05-26,0.0,0.0,4.0,33.0,0.0
2009-05-27,0.0,0.0,4.5,33.5,0.0
2009-05-28,0.0,0.0,4.5,32.0,0.0
2009-05-29,0.0,0.0,3.5,33.0,0.0
2009-05-30,0.0,0.0,3.5,34.0,0.0
2009-05-31,0.0,0.0,3.0,34.5,0.0
2009-06-01,0.0,0.0,4.0,32.0,0.0
2009-06-02,0.0,0.0,4.0,33.0,0.0
2009-06-03,0.0,0.0,5.0,32.5,0.0
2009-06-04,0.0,0.0,4.0,32.0,0.0
2009-06-05,0.0,0.0,4.0,32.0,0.0
2009-06-06,0.0,0.0,7.0,30.0,0.0
2009-06-07,0.0,0.0,3.0,33.0,0.0
2009-06-08,0.0,0.0,4.5,33.0,0.0
2009-06-09,0.0,4.794984817504883,4.5,34.0,-4.794984817504883
2009-06-10,0.0,0.0,6.5,30.5,0.0
2009-06-11,16.0,9.042672157287598,4.0,30.5,6.957327842712402
2009-06-12,0.0,6.02844762802124,3.5,30.5,-6.02844762802124
2009-06-13,4.2,3.01422381401062,4.0,27.5,1.18577618598938
2009-06-14,55.2,0.0,3.0,26.5,55.2
2009-06-15,20.7,3.01422381401062,3.0,28.0,17.68577618598938
2009-06-16,0.0,0.0,4.0,28.0,0.0
2009-06-17,0.0,8.578704833984375,3.0,29.0,-8.578704833984375
2009-06-18,62.6,0.0,4.5,27.0,62.6
2009-06-19,0.0,12.868057250976562,3.0,29.5,-12.868057250976562
2009-06-20,0.0,0.0,4.0,29.5,0.0
2009-06-21,0.0,11.997605323791504,4.0,30.5,-11.997605323791504
2009-06-22,0.0,7.998404026031494,4.0,29.0,-7.998404026031494
2009-06-23,42.8,3.999202013015747,5.5,26.0,38.80079798698425
2009-06-24,0.0,0.0,3.0,27.5,0.0
2009-06-25,0.0,0.0,3.0,29.0,0.0
2009-06-26,0.0,3.897656202316284,3.5,27.0,-3.897656202316284
2009-06-27,0.0,3.897656202316284,3.5,27.0,-3.897656202316284
2009-06-28,14.3,11.69296932220459,3.0,26.0,2.607030677795411
2009-06-29,0.0,3.897656202316284,3.0,28.0,-3.897656202316284
2009-06-30,0.0,0.0,3.0,28.0,0.0
2009-07-01,16.8,0.0,3.0,26.0,16.8
2009-07-02,0.0,36.090457916259766,3.0,28.0,-36.090457916259766
2009-07-03,30.5,9.02261447906494,4.0,26.0,21.47738552093506
2009-07-04,26.2,0.0,3.0,27.0,26.2
2009-07-05,0.0,0.0,3.0,29.5,0.0
2009-07-06,0.0,0.0,3.0,24.0,0.0
2009-07-07,3.0,0.0,3.0,21.0,3.0
2009-07-08,0.0,0.0,4.0,20.0,0.0
2009-07-09,0.0,0.0,2.5,28.0,0.0
2009-07-10,0.0,0.0,3.5,30.0,0.0
2009-07-11,0.0,0.0,4.0,27.0,0.0
2009-07-12,0.0,0.0,4.0,27.0,0.0
2009-07-13,0.0,0.0,3.0,28.0,0.0
2009-07-14,0.0,0.0,3.0,31.0,0.0
2009-07-15,0.0,12.389674186706545,4.0,29.5,-12.389674186706545
2009-07-16,0.0,0.0,3.0,32.0,0.0
2009-07-17,0.0,4.366884708404541,4.5,29.0,-4.366884708404541
2009-07-18,0.0,4.366884708404541,4.5,31.5,-4.366884708404541
2009-07-19,0.0,0.0,4.5,29.0,0.0
2009-07-20,0.0,4.366884708404541,4.0,29.0,-4.366884708404541
2009-07-21,0.0,0.0,4.0,28.0,0.0
2009-07-22,0.0,6.3567728996276855,3.0,29.5,-6.3567728996276855
2009-07-23,0.0,3.1783864498138428,3.0,30.0,-3.1783864498138428
2009-07-24,3.8,3.1783864498138428,4.5,29.0,0.621613550186157
2009-07-25,0.0,0.0,3.0,27.0,0.0
2009-07-26,0.0,10.485523223876951,3.0,27.0,-10.485523223876951
2009-07-27,0.0,0.0,3.0,28.0,0.0
2009-07-28,0.0,0.0,3.0,29.0,0.0
2009-07-29,0.0,10.485523223876951,4.0,26.0,-10.485523223876951
2009-07-30,0.0,0.0,2.0,26.0,0.0
2009-07-31,0.0,0.0,2.0,26.0,0.0
2009-08-01,0.0,15.422201156616213,3.0,28.0,-15.422201156616213
2009-08-02,0.0,0.0,3.0,29.0,0.0
2009-08-03,0.0,0.0,4.0,28.0,0.0
2009-08-04,0.0,0.0,3.0,30.0,0.0
2009-08-05,0.0,0.0,4.0,29.0,0.0
2009-08-06,0.0,0.0,3.5,29.0,0.0
2009-08-07,1.0,0.0,3.0,26.0,1.0
2009-08-08,6.5,0.0,2.0,24.5,6.5
2009-08-09,6.2,10.631292343139648,3.0,28.0,-4.431292343139648
2009-08-10,0.0,0.0,3.0,29.5,0.0
2009-08-11,0.0,11.864580154418944,3.0,28.5,-11.864580154418944
2009-08-12,26.0,0.0,3.5,27.0,26.0
2009-08-13,0.0,0.0,3.0,24.5,0.0
2009-08-14,9.0,3.954859972000122,3.0,22.0,5.045140027999878
2009-08-15,10.0,0.0,3.5,26.0,10.0
2009-08-16,4.6,6.173794269561768,3.0,28.5,-1.573794269561768
2009-08-17,0.0,6.173794269561768,3.0,23.0,-6.173794269561768
2009-08-18,0.0,6.173794269561768,2.5,22.0,-6.173794269561768
2009-08-19,0.0,0.0,2.5,23.0,0.0
2009-08-20,0.0,0.0,2.5,24.5,0.0
2009-08-21,0.0,8.02392292022705,3.0,23.0,-8.02392292022705
2009-08-22,2.2,2.6746411323547363,3.0,23.0,-0.47464113235473615
2009-08-23,2.0,2.6746411323547363,2.0,22.0,-0.6746411323547363
2009-08-24,90.9,0.0,2.5,26.0,90.9
2009-08-25,0.0,0.0,3.0,27.5,0.0
2009-08-26,52.0,9.42648983001709,3.5,25.0,42.57351016998291
2009-08-27,4.0,4.713244915008545,2.5,25.0,-0.7132449150085449
2009-08-28,3.1,4.713244915008545,3.0,24.0,-1.6132449150085448
2009-08-29,2.3,4.713244915008545,2.5,26.0,-2.413244915008545
2009-08-30,2.8,0.0,3.0,24.0,2.8
2009-08-31,0.0,9.42648983001709,2.5,24.0,-9.42648983001709
2009-09-01,0.0,5.842972278594971,2.5,25.0,-5.842972278594971
2009-09-02,0.0,11.68594455718994,2.5,26.0,-11.68594455718994
2009-09-03,33.0,0.0,3.0,23.0,33.0
2009-09-04,3.2,5.842972278594971,2.5,26.0,-2.6429722785949705
2009-09-05,15.0,0.0,5.0,27.0,15.0
2009-09-06,21.0,3.906574964523315,3.5,23.0,17.093425035476685
2009-09-07,21.0,3.906574964523315,2.5,24.0,17.093425035476685
2009-09-08,40.0,0.0,2.5,26.0,40.0
2009-09-09,0.0,3.906574964523315,4.5,28.0,-3.906574964523315
2009-09-10,0.0,3.906574964523315,5.0,28.0,-3.906574964523315
2009-09-11,0.0,17.138723373413086,6.0,27.0,-17.138723373413086
2009-09-12,0.0,0.0,5.0,27.0,0.0
2009-09-13,27.0,0.0,4.5,21.5,27.0
2009-09-14,0.0,17.138723373413086,2.5,22.0,-17.138723373413086
2009-09-15,0.0,0.0,3.0,26.0,0.0
2009-09-16,0.0,6.942891597747803,4.5,27.0,-6.942891597747803
2009-09-17,45.3,0.0,5.0,26.0,45.3
2009-09-18,31.9,0.0,4.0,25.0,31.9
2009-09-19,0.0,6.942891597747803,3.5,26.0,-6.942891597747803
2009-09-20,0.0,0.0,3.0,28.0,0.0
2009-09-21,24.6,0.0,5.0,27.5,24.6
2009-09-22,0.0,13.077580451965332,4.0,27.5,-13.077580451965332
2009-09-23,0.0,0.0,3.0,28.0,0.0
2009-09-24,0.0,0.0,5.0,27.0,0.0
2009-09-25,0.0,0.0,4.0,26.0,0.0
2009-09-26,16.0,0.0,4.0,28.0,16.0
2009-09-27,0.0,0.0,5.0,26.0,0.0
2009-09-28,8.2,13.890254974365234,3.0,26.5,-5.690254974365235
2009-09-29,3.9,0.0,3.0,27.5,3.9
2009-09-30,0.0,0.0,3.0,27.5,0.0
2009-10-01,0.0,0.0,3.0,26.0,0.0
2009-10-02,0.0,0.0,3.0,27.0,0.0
2009-10-03,0.0,0.0,4.0,28.0,0.0
2009-10-04,0.0,0.0,5.0,27.5,0.0
2009-10-05,0.0,0.0,4.5,28.0,0.0
2009-10-06,0.0,0.0,4.0,27.5,0.0
2009-10-07,0.0,0.0,4.0,27.0,0.0
2009-10-08,0.0,17.97745132446289,4.0,29.0,-17.97745132446289
2009-10-09,0.0,0.0,6.0,26.0,0.0
2009-10-10,0.0,0.0,3.5,27.0,0.0
2009-10-11,0.0,0.0,3.0,29.0,0.0
2009-10-12,0.0,0.0,5.0,26.0,0.0
2009-10-13,0.0,0.0,3.0,26.5,0.0
2009-10-14,0.0,0.0,3.5,27.0,0.0
2009-10-15,0.0,0.0,3.0,28.0,0.0
2009-10-16,0.0,0.0,4.5,27.0,0.0
2009-10-17,0.0,0.0,3.0,28.0,0.0
2009-10-18,0.0,0.0,4.5,28.0,0.0
2009-10-19,0.0,0.0,5.5,26.5,0.0
2009-10-20,0.0,0.0,3.5,27.5,0.0
2009-10-21,0.0,7.380788803100586,4.0,27.0,-7.380788803100586
2009-10-22,0.0,0.0,4.0,24.0,0.0
2009-10-23,0.0,0.0,3.0,26.0,0.0
2009-10-24,0.0,0.0,3.0,29.0,0.0
2009-10-25,0.0,0.0,6.0,28.0,0.0
2009-10-26,0.0,3.05399751663208,4.5,29.0,-3.05399751663208
2009-10-27,0.0,0.0,5.0,27.0,0.0
2009-10-28,0.0,0.0,4.0,27.0,0.0
2009-10-29,0.0,3.05399751663208,4.0,28.0,-3.05399751663208
2009-10-30,0.0,0.0,4.0,27.0,0.0
2009-10-31,0.0,0.0,3.5,27.0,0.0
2009-11-01,0.0,0.0,3.5,27.5,0.0
2009-11-02,0.0,0.0,3.5,30.0,0.0
2009-11-03,0.0,0.0,4.0,27.0,0.0
2009-11-04,0.0,0.0,3.5,27.0,0.0
2009-11-05,0.0,0.0,4.0,28.0,0.0
2009-11-06,0.0,0.0,4.0,29.5,0.0
2009-11-07,0.0,0.0,5.0,27.0,0.0
2009-11-08,0.0,0.0,3.5,27.0,0.0
2009-11-09,0.0,0.0,3.5,28.0,0.0
2009-11-10,0.0,0.0,4.5,27.5,0.0
2009-11-11,0.0,0.0,3.5,27.0,0.0
2009-11-12,0.0,0.0,3.0,28.0,0.0
2009-11-13,0.0,0.0,4.5,29.5,0.0
2009-11-14,0.0,0.0,5.0,27.0,0.0
2009-11-15,0.0,0.0,4.0,27.5,0.0
2009-11-16,0.0,0.0,4.0,28.0,0.0
2009-11-17,0.0,0.0,4.0,27.0,0.0
2009-11-18,0.0,0.0,4.5,27.5,0.0
2009-11-19,0.0,0.0,3.5,27.0,0.0
2009-11-20,0.0,0.0,3.5,24.0,0.0
2009-11-21,0.0,0.0,3.5,26.0,0.0
2009-11-22,0.0,0.0,4.5,25.0,0.0
2009-11-23,0.0,0.0,4.5,26.0,0.0
2009-11-24,0.0,0.0,4.5,24.0,0.0
2009-11-25,0.0,0.0,5.0,24.0,0.0
2009-11-26,0.0,0.0,4.0,26.0,0.0
2009-11-27,0.0,0.0,4.0,26.5,0.0
2009-11-28,0.0,0.0,5.0,25.0,0.0
2009-11-29,0.0,2.070333957672119,4.0,27.0,-2.070333957672119
2009-11-30,0.0,3.583271026611328,5.0,25.0,-3.583271026611328
2009-12-01,0.0,0.0,4.0,23.0,0.0
2009-12-02,0.0,0.0,4.0,24.0,0.0
2009-12-03,0.0,0.0,3.5,23.0,0.0
2009-12-04,0.0,0.0,3.0,23.0,0.0
2009-12-05,0.0,0.0,2.5,22.5,0.0
2009-12-06,0.0,0.0,3.0,25.0,0.0
2009-12-07,0.0,0.0,3.0,26.0,0.0
2009-12-08,0.0,2.175111770629883,4.0,25.0,-2.175111770629883
2009-12-09,0.0,0.0,4.5,24.0,0.0
2009-12-10,0.0,0.0,3.0,23.0,0.0
2009-12-11,0.0,0.0,2.5,24.0,0.0
2009-12-12,0.0,0.0,3.0,23.0,0.0
2009-12-13,0.0,0.0,3.0,22.0,0.0
2009-12-14,0.0,0.0,2.5,25.0,0.0
2009-12-15,0.0,1.82498562335968,4.0,25.0,-1.82498562335968
2009-12-16,0.0,3.227797746658325,4.0,22.5,-3.227797746658325
2009-12-17,0.0,0.0,3.0,22.0,0.0
2009-12-18,0.0,0.0,2.5,23.0,0.0
2009-12-19,0.0,0.0,2.5,22.5,0.0
2009-12-20,0.0,0.0,2.5,29.0,0.0
2009-12-21,0.0,0.0,3.0,23.0,0.0
2009-12-22,0.0,0.0,2.5,24.0,0.0
2009-12-23,0.0,0.0,3.0,20.0,0.0
2009-12-24,0.0,0.0,2.5,24.0,0.0
2009-12-25,0.0,0.0,2.5,22.0,0.0
2009-12-26,0.0,0.0,2.5,22.0,0.0
2009-12-27,0.0,0.0,2.5,23.0,0.0
2009-12-28,0.0,0.0,3.0,24.0,0.0
2009-12-29,0.0,0.0,3.0,26.0,0.0
2009-12-30,0.0,0.0,3.5,25.0,0.0
2009-12-31,0.0,0.0,3.0,25.0,0.0
2010-01-01,0.0,0.0,3.0,24.0,0.0
2010-01-02,0.0,2.008660316467285,3.0,23.0,-2.008660316467285
2010-01-03,0.0,0.0,2.5,24.0,0.0
2010-01-04,0.0,6.025980949401856,3.0,22.5,-6.025980949401856
2010-01-05,0.0,0.0,2.5,24.5,0.0
2010-01-06,0.0,0.0,5.0,22.0,0.0
2010-01-07,0.0,0.0,2.5,20.0,0.0
2010-01-08,0.0,1.9638488292694087,2.0,19.0,-1.9638488292694087
2010-01-09,0.0,0.0,2.0,23.0,0.0
2010-01-10,0.0,0.0,2.0,21.0,0.0
2010-01-11,0.0,0.0,2.5,20.0,0.0
2010-01-12,0.0,4.321597576141357,2.5,21.0,-4.321597576141357
2010-01-13,0.0,0.0,2.5,19.0,0.0
2010-01-14,0.0,0.0,2.0,22.0,0.0
2010-01-15,0.0,0.0,2.5,23.0,0.0
2010-01-16,0.0,0.0,3.0,23.0,0.0
2010-01-17,0.0,0.0,2.5,20.0,0.0
2010-01-18,0.0,0.0,2.0,20.5,0.0
2010-01-19,0.0,0.0,2.5,19.5,0.0
2010-01-20,0.0,0.0,2.0,22.5,0.0
2010-01-21,0.0,0.0,2.0,23.5,0.0
2010-01-22,0.6,0.0,2.5,21.5,0.6
2010-01-23,0.0,0.0,2.5,20.0,0.0
2010-01-24,0.0,0.0,2.0,24.0,0.0
2010-01-25,0.0,0.0,3.0,21.5,0.0
2010-01-26,0.0,0.0,2.0,23.0,0.0
2010-01-27,0.0,0.0,2.5,22.5,0.0
2010-01-28,0.0,0.0,2.5,23.5,0.0
2010-01-29,0.0,0.0,2.5,21.0,0.0
2010-01-30,0.0,1.7784560918807983,2.5,23.0,-1.7784560918807983
2010-01-31,0.0,0.0,2.5,23.0,0.0
2010-02-01,41.0,0.0,2.0,21.0,41.0
2010-02-02,50.2,0.2092526853084564,2.0,19.0,49.990747314691546
2010-02-03,60.8,1.0462634563446045,2.0,23.0,59.75373654365539
2010-02-04,0.0,0.4185053706169128,2.5,20.0,-0.4185053706169128
2010-02-05,0.0,0.0,2.0,23.0,0.0
2010-02-06,0.0,0.0,3.0,22.0,0.0
2010-02-07,0.0,0.0,2.5,21.0,0.0
2010-02-08,0.0,0.0,2.0,24.0,0.0
2010-02-09,0.0,0.0,3.0,23.0,0.0
2010-02-10,0.0,0.0,2.5,21.0,0.0
2010-02-11,0.0,0.0,2.5,22.0,0.0
2010-02-12,0.0,0.0,3.0,25.0,0.0
2010-02-13,0.0,0.0,3.0,21.0,0.0
2010-02-14,0.0,0.0,2.0,23.0,0.0
2010-02-15,0.0,0.0,3.0,22.0,0.0
2010-02-16,0.0,1.5721043348312378,2.0,21.0,-1.5721043348312378
2010-02-17,0.0,1.5721043348312378,2.0,23.0,-1.5721043348312378
2010-02-18,0.0,0.7860521674156189,3.0,21.0,-0.7860521674156189
2010-02-19,0.0,0.0,2.5,24.6,0.0
2010-02-20,0.0,0.0,3.0,23.0,0.0
2010-02-21,0.0,0.0,2.5,21.0,0.0
2010-02-22,0.0,0.0,2.0,22.0,0.0
2010-02-23,0.0,0.0,2.5,25.0,0.0
2010-02-24,0.0,0.0,3.0,26.0,0.0
2010-02-25,0.0,0.0,3.0,23.0,0.0
2010-02-26,0.0,0.0,2.5,28.0,0.0
2010-02-27,0.0,0.0,5.0,27.0,0.0
2010-02-28,0.0,0.0,4.0,27.0,0.0
2010-03-01,0.0,0.0,2.0,24.0,0.0
2010-03-02,0.0,0.0,2.5,26.0,0.0
2010-03-03,0.0,0.0,3.5,25.5,0.0
2010-03-04,0.0,0.0,3.0,23.0,0.0
2010-03-05,0.0,0.0,3.0,25.5,0.0
2010-03-06,6.0,0.0,3.0,25.0,6.0
2010-03-07,0.0,0.0,2.5,25.0,0.0
2010-03-08,0.0,0.0,3.0,26.5,0.0
2010-03-09,0.0,0.0,3.5,25.0,0.0
2010-03-10,0.0,0.0,2.5,26.5,0.0
2010-03-11,0.0,0.0,3.0,24.0,0.0
2010-03-12,0.0,0.0,3.0,26.0,0.0
2010-03-13,0.0,0.0,3.5,23.5,0.0
2010-03-14,0.0,0.0,2.5,22.0,0.0
2010-03-15,0.0,0.0,2.0,23.0,0.0
2010-03-16,0.0,1.5579893589019775,2.5,21.5,-1.5579893589019775
2010-03-17,0.0,0.0,5.0,27.0,0.0
2010-03-18,0.0,0.0,3.5,23.0,0.0
2010-03-19,0.0,0.0,2.5,25.5,0.0
2010-03-20,0.0,0.0,3.0,25.0,0.0
2010-03-21,0.0,0.0,3.0,27.0,0.0
2010-03-22,0.0,0.0,5.5,26.0,0.0
2010-03-23,0.0,0.0,3.0,26.0,0.0
2010-03-24,0.0,1.8122466802597048,3.0,25.0,-1.8122466802597048
2010-03-25,0.0,0.0,2.5,26.0,0.0
2010-03-26,0.0,0.0,3.0,23.5,0.0
2010-03-27,0.0,0.0,2.5,26.0,0.0
2010-03-28,0.0,0.0,3.0,23.0,0.0
2010-03-29,0.0,0.0,2.5,25.0,0.0
2010-03-30,0.0,0.0,2.5,22.0,0.0
2010-03-31,0.0,0.0,2.0,22.0,0.0
2010-04-01,0.0,0.0,3.0,26.0,0.0
2010-04-02,0.0,0.0,3.0,26.0,0.0
2010-04-03,0.0,1.3890173435211182,3.0,26.0,-1.3890173435211182
2010-04-04,0.0,1.3890173435211182,3.0,25.0,-1.3890173435211182
2010-04-05,0.0,0.0,3.0,26.5,0.0
2010-04-06,0.0,0.0,3.5,26.0,0.0
2010-04-07,0.0,0.0,3.0,26.0,0.0
2010-04-08,0.0,0.0,3.0,29.0,0.0
2010-04-09,0.0,0.0,3.5,29.0,0.0
2010-04-10,0.0,0.0,3.5,26.0,0.0
2010-04-11,0.0,0.0,3.0,26.5,0.0
2010-04-12,0.0,0.0,3.5,26.0,0.0
2010-04-13,0.0,0.0,3.0,26.0,0.0
2010-04-14,0.0,0.0,2.5,26.0,0.0
2010-04-15,0.0,0.0,2.5,31.0,0.0
2010-04-16,0.0,0.0,2.5,29.0,0.0
2010-04-17,0.0,0.0,3.5,30.0,0.0
2010-04-18,0.0,0.0,1.5,31.0,0.0
2010-04-19,0.0,0.0,5.0,29.0,0.0
2010-04-20,0.0,0.0,3.0,29.5,0.0
2010-04-21,0.0,0.0,3.5,32.0,0.0
2010-04-22,0.0,0.0,4.0,29.5,0.0
2010-04-23,0.0,0.0,3.5,28.5,0.0
2010-04-24,0.0,0.0,3.0,28.5,0.0
2010-04-25,0.0,0.0,3.5,30.0,0.0
2010-04-26,0.0,0.0,4.0,29.5,0.0
2010-04-27,0.0,0.0,3.5,31.0,0.0
2010-04-28,0.0,0.0,4.0,29.0,0.0
2010-04-29,0.0,0.0,3.0,28.5,0.0
2010-04-30,0.0,0.0,3.5,28.5,0.0
2010-05-01,0.0,0.0,5.0,31.0,0.0
2010-05-02,0.0,0.0,5.0,30.0,0.0
2010-05-03,0.0,0.0,4.5,34.0,0.0
2010-05-04,0.0,0.0,5.5,30.0,0.0
2010-05-05,0.0,0.0,6.0,28.5,0.0
2010-05-06,0.0,0.0,3.0,30.0,0.0
2010-05-07,0.0,0.0,3.0,33.0,0.0
2010-05-08,0.0,0.0,4.0,37.0,0.0
2010-05-09,0.0,0.0,5.0,31.0,0.0
2010-05-10,0.0,2.7500033378601074,3.5,32.0,-2.7500033378601074
2010-05-11,0.0,1.4243968725204468,4.0,29.0,-1.4243968725204468
2010-05-12,0.0,2.8487937450408936,3.0,28.0,-2.8487937450408936
2010-05-13,0.0,0.0,3.0,29.5,0.0
2010-05-14,0.0,0.0,3.5,29.0,0.0
2010-05-15,0.0,0.0,3.0,30.0,0.0
2010-05-16,0.0,2.1214401721954346,3.0,22.0,-2.1214401721954346
2010-05-17,0.0,0.0,3.0,29.0,0.0
2010-05-18,0.0,0.0,3.0,28.5,0.0
2010-05-19,0.0,0.0,3.0,30.0,0.0
2010-05-20,0.0,0.0,3.5,29.0,0.0
2010-05-21,0.0,0.0,3.0,28.5,0.0
2010-05-22,0.0,0.0,3.0,32.0,0.0
2010-05-23,0.0,0.0,3.0,30.0,0.0
2010-05-24,0.0,1.857965588569641,3.0,31.0,-1.857965588569641
2010-05-25,0.0,0.0,4.0,32.0,0.0
2010-05-26,0.0,0.0,4.0,33.0,0.0
2010-05-27,0.0,0.0,4.0,32.0,0.0
2010-05-28,0.0,0.0,4.0,33.0,0.0
2010-05-29,0.0,0.0,4.5,34.0,0.0
2010-05-30,0.0,0.0,5.0,31.0,0.0
2010-05-31,0.0,0.0,3.5,31.0,0.0
2010-06-01,0.0,0.0,3.0,30.0,0.0
2010-06-02,0.0,0.0,3.0,28.0,0.0
2010-06-03,0.0,0.0,5.0,24.0,0.0
2010-06-04,0.0,0.0,5.0,30.0,0.0
2010-06-05,0.0,0.0,4.0,29.0,0.0
2010-06-06,0.0,0.0,5.0,29.5,0.0
2010-06-07,0.0,0.0,3.5,27.5,0.0
2010-06-08,0.0,0.0,3.0,26.0,0.0
2010-06-09,0.0,0.0,2.0,31.0,0.0
2010-06-10,0.0,0.0,5.5,30.0,0.0
2010-06-11,0.0,0.0,3.0,29.0,0.0
2010-06-12,0.0,5.835517883300781,3.0,30.0,-5.835517883300781
2010-06-13,0.0,11.671035766601562,3.0,29.5,-11.671035766601562
2010-06-14,0.0,5.835517883300781,3.5,29.0,-5.835517883300781
2010-06-15,0.0,5.835517883300781,3.0,30.0,-5.835517883300781
2010-06-16,0.0,0.0,3.0,29.5,0.0
2010-06-17,0.0,19.51153564453125,3.0,21.0,-19.51153564453125
2010-06-18,0.0,0.0,2.5,18.0,0.0
2010-06-19,0.0,0.0,2.0,26.0,0.0
2010-06-20,0.0,0.0,3.0,25.0,0.0
2010-06-21,0.0,0.0,2.5,23.0,0.0
2010-06-22,0.0,0.0,2.0,26.0,0.0
2010-06-23,0.0,14.079320907592772,2.5,27.0,-14.079320907592772
2010-06-24,0.0,7.039660453796387,3.0,28.0,-7.039660453796387
2010-06-25,0.0,14.079320907592772,3.0,25.0,-14.079320907592772
2010-06-26,0.0,0.0,2.5,27.0,0.0
2010-06-27,0.0,4.410893440246582,2.5,26.0,-4.410893440246582
2010-06-28,0.0,13.232680320739746,2.5,27.0,-13.232680320739746
2010-06-29,0.0,8.821786880493164,2.5,28.0,-8.821786880493164
2010-06-30,0.0,8.821786880493164,3.0,28.0,-8.821786880493164
2010-07-01,0.0,10.360383987426758,2.5,25.0,-10.360383987426758
2010-07-02,8.5,5.180191993713379,2.5,24.0,3.319808006286621
2010-07-03,13.9,12.950480461120604,2.5,26.0,0.9495195388793967
2010-07-04,6.3,12.950480461120604,3.0,26.0,-6.650480461120604
2010-07-05,0.0,5.180191993713379,2.0,26.0,-5.180191993713379
2010-07-06,0.0,0.0,3.0,27.0,0.0
2010-07-07,0.0,0.0,3.0,25.0,0.0
2010-07-08,0.0,5.723254203796387,2.5,24.0,-5.723254203796387
2010-07-09,60.1,22.893016815185547,3.0,26.0,37.206983184814455
2010-07-10,30.6,5.723254203796387,3.0,27.0,24.876745796203615
2010-07-11,0.0,3.35097074508667,3.5,25.0,-3.35097074508667
2010-07-12,0.0,3.35097074508667,2.5,26.0,-3.35097074508667
2010-07-13,60.0,6.70194149017334,3.0,28.0,53.29805850982666
2010-07-14,66.0,6.70194149017334,11.0,28.0,59.29805850982666
2010-07-15,3.0,0.0,15.0,27.0,3.0
2010-07-16,2.0,4.553001403808594,16.0,25.5,-2.5530014038085938
2010-07-17,7.0,2.276500701904297,14.0,27.0,4.723499298095703
2010-07-18,0.0,2.276500701904297,14.5,27.0,-2.276500701904297
2010-07-19,15.9,0.0,15.0,26.5,15.9
2010-07-20,8.4,6.829502582550049,15.0,26.0,1.5704974174499515
2010-07-21,9.9,3.881742238998413,15.0,27.5,6.018257761001587
2010-07-22,0.0,7.763484477996826,15.0,26.0,-7.763484477996826
2010-07-23,10.5,0.0,15.5,24.0,10.5
2010-07-24,17.0,7.763484477996826,16.0,25.0,9.236515522003174
2010-07-25,22.7,7.763484477996826,16.0,23.0,14.936515522003173
2010-07-26,42.0,3.774332046508789,15.0,25.5,38.22566795349121
2010-07-27,3.8,7.548664093017578,15.5,24.0,-3.7486640930175783
2010-07-28,17.7,3.774332046508789,15.0,24.0,13.92566795349121
2010-07-29,0.0,7.548664093017578,15.0,25.0,-7.548664093017578
2010-07-30,2.5,7.548664093017578,15.0,25.5,-5.048664093017578
2010-07-31,0.0,7.548664093017578,15.0,25.5,-7.548664093017578
2010-08-01,0.0,0.0,13.0,25.0,0.0
2010-08-02,3.0,0.0,14.0,26.5,3.0
2010-08-03,0.0,0.0,14.5,27.5,0.0
2010-08-04,0.0,5.272563457489014,14.0,27.0,-5.272563457489014
2010-08-05,6.7,5.272563457489014,14.5,27.5,1.4274365425109865
2010-08-06,0.0,0.0,14.5,26.5,0.0
2010-08-07,0.0,3.053496122360229,15.0,26.0,-3.053496122360229
2010-08-08,9.2,0.0,16.5,27.0,9.2
2010-08-09,4.5,6.106992244720459,17.0,26.5,-1.606992244720459
2010-08-10,9.6,6.106992244720459,17.5,27.5,3.4930077552795407
2010-08-11,30.9,9.91749382019043,16.0,27.0,20.98250617980957
2010-08-12,7.4,9.91749382019043,14.0,25.0,-2.5174938201904293
2010-08-13,10.5,9.91749382019043,14.5,22.0,0.5825061798095703
2010-08-14,1.0,4.958746910095215,15.0,25.5,-3.958746910095215
2010-08-15,14.1,19.83498764038086,15.5,25.5,-5.73498764038086
2010-08-16,1.2,3.626250743865967,16.0,25.5,-2.4262507438659666
2010-08-17,0.0,0.0,16.0,27.0,0.0
2010-08-18,16.4,3.626250743865967,16.0,25.5,12.773749256134032
2010-08-19,26.0,3.626250743865967,16.0,26.5,22.373749256134033
2010-08-20,18.0,3.626250743865967,16.0,26.0,14.373749256134033
2010-08-21,0.0,6.023442268371582,15.0,25.0,-6.023442268371582
2010-08-22,0.0,0.0,15.5,26.5,0.0
2010-08-23,0.0,0.0,15.0,26.5,0.0
2010-08-24,0.0,0.0,13.0,28.5,0.0
2010-08-25,0.0,0.0,13.0,27.5,0.0
2010-08-26,0.0,0.0,15.0,28.0,0.0
2010-08-27,0.0,0.0,15.0,28.5,0.0
2010-08-28,0.0,0.0,15.5,29.0,0.0
2010-08-29,9.0,0.0,15.0,28.5,9.0
2010-08-30,4.0,0.0,15.5,28.5,4.0
2010-08-31,0.0,0.0,15.5,28.5,0.0
2010-09-01,1.0,4.090848445892334,16.0,27.5,-3.090848445892334
2010-09-02,0.0,0.0,16.0,27.5,0.0
2010-09-03,6.0,4.090848445892334,16.0,26.0,1.909151554107666
2010-09-04,0.0,0.0,16.0,28.5,0.0
2010-09-05,0.0,0.0,16.0,27.5,0.0
2010-09-06,5.0,0.0,14.0,27.5,5.0
2010-09-07,2.5,5.137614727020264,14.0,24.5,-2.6376147270202637
2010-09-08,8.2,15.41284465789795,17.0,24.5,-7.21284465789795
2010-09-09,1.0,5.137614727020264,16.0,25.5,-4.137614727020264
2010-09-10,8.7,5.137614727020264,16.0,27.5,3.5623852729797356
2010-09-11,3.0,4.391702175140381,16.0,27.0,-1.3917021751403809
2010-09-12,0.0,0.0,14.0,27.0,0.0
2010-09-13,0.0,0.0,14.0,27.0,0.0
2010-09-14,0.0,0.0,14.0,27.0,0.0
2010-09-15,2.5,0.0,14.5,28.0,2.5
2010-09-16,3.0,0.0,16.0,26.5,3.0
2010-09-17,7.0,0.0,15.0,26.0,7.0
2010-09-18,0.0,0.0,14.0,26.5,0.0
2010-09-19,0.0,7.488951683044434,14.5,26.5,-7.488951683044434
2010-09-20,2.0,0.0,15.0,25.0,2.0
2010-09-21,0.0,11.703749656677246,14.0,26.0,-11.703749656677246
2010-09-22,26.0,11.703749656677246,14.5,25.0,14.296250343322754
2010-09-23,0.0,7.802499294281006,16.0,26.0,-7.802499294281006
2010-09-24,10.0,7.802499294281006,16.0,25.5,2.197500705718994
2010-09-25,3.8,3.901249647140503,15.0,24.5,-0.10124964714050311
2010-09-26,5.0,4.604441165924072,15.0,27.0,0.39555883407592773
2010-09-27,0.0,0.0,15.5,25.0,0.0
2010-09-28,7.9,4.604441165924072,15.0,31.0,3.295558834075928
2010-09-29,0.0,0.0,14.5,28.0,0.0
2010-09-30,0.0,0.0,15.5,28.0,0.0
2010-10-01,0.0,0.0,9.0,24.0,0.0
2010-10-02,0.0,0.0,9.0,26.0,0.0
2010-10-03,0.0,0.0,9.5,26.5,0.0
2010-10-04,0.0,0.0,9.0,26.0,0.0
2010-10-05,0.0,0.0,9.0,25.5,0.0
2010-10-06,0.0,0.0,12.0,23.5,0.0
2010-10-07,0.0,0.0,12.5,24.0,0.0
2010-10-08,0.0,0.0,11.0,26.0,0.0
2010-10-09,0.0,0.0,11.0,27.0,0.0
2010-10-10,0.0,0.0,11.5,26.0,0.0
2010-10-11,0.0,5.727314472198486,9.5,26.5,-5.727314472198486
2010-10-12,0.0,0.0,10.5,27.0,0.0
2010-10-13,0.0,0.0,9.0,27.5,0.0
2010-10-14,0.0,0.0,12.5,23.5,0.0
2010-10-15,0.0,0.0,12.5,24.0,0.0
2010-10-16,0.0,0.0,13.0,25.5,0.0
2010-10-17,0.0,0.0,10.0,26.0,0.0
2010-10-18,0.0,0.0,9.0,26.0,0.0
2010-10-19,0.0,0.0,9.0,26.5,0.0
2010-10-20,0.0,3.9316229820251465,9.5,27.5,-3.9316229820251465
2010-10-21,0.0,0.0,9.5,27.5,0.0
2010-10-22,0.0,0.0,11.0,26.0,0.0
2010-10-23,0.0,0.0,9.5,27.5,0.0
2010-10-24,0.0,0.0,9.0,27.5,0.0
2010-10-25,0.0,0.0,8.5,26.5,0.0
2010-10-26,0.0,0.0,6.0,27.5,0.0
2010-10-27,0.0,0.0,7.0,28.5,0.0
2010-10-28,0.0,0.0,7.0,28.5,0.0
2010-10-29,0.0,0.0,9.0,26.5,0.0
2010-10-30,0.0,0.0,9.5,27.5,0.0
2010-10-31,0.0,0.0,11.0,27.5,0.0
2010-11-01,0.0,0.0,11.0,28.5,0.0
2010-11-02,0.0,3.3023457527160645,11.0,28.0,-3.3023457527160645
2010-11-03,0.0,0.0,11.0,23.5,0.0
2010-11-04,0.0,0.0,6.5,22.5,0.0
2010-11-05,0.0,0.0,9.5,22.5,0.0
2010-11-06,0.0,0.0,2.0,24.5,0.0
2010-11-07,0.0,0.0,6.5,26.0,0.0
2010-11-08,0.0,0.0,6.0,26.0,0.0
2010-11-09,0.0,0.0,6.0,23.0,0.0
2010-11-10,0.0,0.0,6.5,21.5,0.0
2010-11-11,0.0,0.0,4.0,26.0,0.0
2010-11-12,0.0,0.0,6.0,26.0,0.0
2010-11-13,0.0,0.0,6.5,24.0,0.0
2010-11-14,0.0,0.0,5.5,23.0,0.0
2010-11-15,0.0,0.0,5.0,23.5,0.0
2010-11-16,0.0,2.294743061065674,4.0,25.0,-2.294743061065674
2010-11-17,0.0,0.0,4.0,25.5,0.0
2010-11-18,0.0,0.0,9.0,25.5,0.0
2010-11-19,0.0,0.0,8.5,23.0,0.0
2010-11-20,0.0,0.0,6.0,27.5,0.0
2010-11-21,0.0,0.0,7.0,23.0,0.0
2010-11-22,0.0,0.0,8.0,28.5,0.0
2010-11-23,0.0,0.0,8.0,27.0,0.0
2010-11-24,0.0,0.0,8.5,28.0,0.0
2010-11-25,0.0,0.0,8.0,22.5,0.0
2010-11-26,0.0,0.0,7.0,24.5,0.0
2010-11-27,0.0,0.0,8.5,24.5,0.0
2010-11-28,0.0,0.0,6.5,24.5,0.0
2010-11-29,0.0,0.0,6.5,25.0,0.0
2010-11-30,0.0,0.0,4.5,28.0,0.0
2010-12-01,0.0,0.0,6.5,24.0,0.0
2010-12-02,0.0,0.0,6.5,25.5,0.0
2010-12-03,0.0,0.0,5.5,25.5,0.0
2010-12-04,0.0,0.0,4.5,25.5,0.0
2010-12-05,0.0,0.0,4.5,25.5,0.0
2010-12-06,0.0,0.0,4.0,22.5,0.0
2010-12-07,0.0,0.0,5.0,23.5,0.0
2010-12-08,0.0,0.0,4.5,24.5,0.0
2010-12-09,0.0,0.0,4.0,24.5,0.0
2010-12-10,0.0,0.0,0.0,24.0,0.0
2010-12-11,0.0,0.0,1.5,24.0,0.0
2010-12-12,0.0,0.0,1.5,25.5,0.0
2010-12-13,0.0,0.0,4.5,23.5,0.0
2010-12-14,0.0,0.0,4.5,24.5,0.0
2010-12-15,0.0,0.0,0.4,23.0,0.0
2010-12-16,0.0,0.0,2.5,22.5,0.0
2010-12-17,0.0,0.0,0.5,23.0,0.0
2010-12-18,0.0,0.0,2.0,24.5,0.0
2010-12-19,0.0,0.0,3.0,22.5,0.0
2010-12-20,0.0,0.0,3.0,25.0,0.0
2010-12-21,0.0,0.0,6.0,26.0,0.0
2010-12-22,0.0,0.0,6.0,26.0,0.0
2010-12-23,0.0,0.0,5.5,25.0,0.0
2010-12-24,0.0,0.0,4.5,24.5,0.0
2010-12-25,0.0,0.0,4.0,22.5,0.0
2010-12-26,0.0,0.0,8.0,23.0,0.0
2010-12-27,0.0,0.0,6.0,23.5,0.0
2010-12-28,0.0,0.0,5.0,22.0,0.0
2010-12-29,0.0,0.0,4.0,23.0,0.0
2010-12-30,0.0,0.0,3.0,22.5,0.0
2010-12-31,0.0,0.0,2.5,26.0,0.0
2011-01-01,0.0,0.0,2.5,24.5,0.0
2011-01-02,0.0,0.0,7.0,23.0,0.0
2011-01-03,0.0,0.0,6.5,24.5,0.0
2011-01-04,0.0,2.8934569358825684,5.5,25.0,-2.8934569358825684
2011-01-05,0.0,2.8934569358825684,6.0,26.0,-2.8934569358825684
2011-01-06,0.0,0.0,6.0,27.0,0.0
2011-01-07,0.0,0.0,6.5,26.5,0.0
2011-01-08,0.0,0.0,6.0,25.0,0.0
2011-01-09,0.0,0.0,4.0,27.0,0.0
2011-01-10,0.0,0.0,3.5,24.0,0.0
2011-01-11,0.0,0.0,4.5,26.0,0.0
2011-01-12,0.0,0.0,5.5,23.5,0.0
2011-01-13,0.0,0.0,7.5,23.5,0.0
2011-01-14,0.0,0.0,6.0,23.5,0.0
2011-01-15,0.0,0.0,5.5,23.0,0.0
2011-01-16,0.0,0.0,2.5,24.5,0.0
2011-01-17,0.0,0.0,2.5,24.0,0.0
2011-01-18,0.0,0.0,3.0,20.5,0.0
2011-01-19,0.0,0.0,3.0,25.5,0.0
2011-01-20,0.0,0.0,3.5,25.5,0.0
2011-01-21,0.0,0.0,4.5,25.5,0.0
2011-01-22,0.0,0.0,4.0,24.0,0.0
2011-01-23,0.0,0.0,3.0,24.0,0.0
2011-01-24,0.0,0.0,3.5,24.0,0.0
2011-01-25,0.0,0.0,3.0,23.5,0.0
2011-01-26,0.0,0.0,2.5,23.5,0.0
2011-01-27,0.0,0.0,3.0,25.0,0.0
2011-01-28,0.0,0.0,5.5,25.0,0.0
2011-01-29,0.0,0.0,5.0,34.0,0.0
2011-01-30,0.0,0.0,5.0,25.0,0.0
2011-01-31,0.0,0.0,4.0,25.5,0.0
2011-02-01,0.0,0.0,6.0,25.0,0.0
2011-02-02,0.0,0.0,7.0,25.0,0.0
2011-02-03,0.0,0.0,8.0,19.0,0.0
2011-02-04,0.0,0.0,6.0,24.0,0.0
2011-02-05,0.0,0.0,5.0,25.0,0.0
2011-02-06,0.0,0.0,7.0,24.5,0.0
2011-02-07,0.0,0.0,6.5,24.5,0.0
2011-02-08,0.0,0.0,8.0,26.0,0.0
2011-02-09,0.0,0.0,6.5,26.5,0.0
2011-02-10,0.0,0.0,6.5,27.0,0.0
2011-02-11,0.0,0.0,6.0,26.5,0.0
2011-02-12,0.0,0.0,7.0,25.5,0.0
2011-02-13,0.0,0.0,5.0,26.0,0.0
2011-02-14,0.0,0.0,5.0,27.0,0.0
2011-02-15,0.0,0.0,5.5,26.5,0.0
2011-02-16,0.0,0.0,7.0,27.5,0.0
2011-02-17,0.0,0.0,8.0,29.0,0.0
2011-02-18,0.0,0.0,7.0,29.0,0.0
2011-02-19,0.0,0.0,7.0,28.5,0.0
2011-02-20,0.0,0.0,7.0,28.5,0.0
2011-02-21,0.0,0.0,7.0,28.5,0.0
2011-02-22,0.0,0.0,7.5,27.5,0.0
2011-02-23,0.0,0.0,7.0,28.0,0.0
2011-02-24,0.0,0.0,8.0,27.0,0.0
2011-02-25,0.0,0.0,8.0,28.0,0.0
2011-02-26,0.0,0.0,9.0,29.0,0.0
2011-02-27,0.0,0.0,10.0,30.5,0.0
2011-02-28,0.0,0.0,10.5,30.0,0.0
2015-01-01,0.0,0.0,11.0,26.0,0.0
2015-01-02,0.0,0.0,11.0,26.0,0.0
2015-01-03,0.0,0.0,9.0,27.0,0.0
2015-01-04,0.0,1.076992750167847,9.0,25.0,-1.076992750167847
2015-01-05,0.0,2.1539855003356934,4.0,25.0,-2.1539855003356934
2015-01-06,0.0,1.813498616218567,4.0,23.0,-1.813498616218567
2015-01-07,0.0,0.0,5.0,23.0,0.0
2015-01-08,0.0,0.0,3.0,23.5,0.0
2015-01-09,0.0,0.0,1.0,26.0,0.0
2015-01-10,0.0,0.0,2.0,26.0,0.0
2015-01-11,0.0,0.0,4.0,25.0,0.0
2015-01-12,3.0,0.0,5.0,24.0,3.0
2015-01-13,1.6,2.386902093887329,5.5,18.0,-0.786902093887329
2015-01-14,0.0,0.0,8.0,23.0,0.0
2015-01-15,0.0,0.0,3.0,25.0,0.0
2015-01-16,0.0,0.0,4.5,24.5,0.0
2015-01-17,0.0,0.0,3.0,28.0,0.0
2015-01-18,0.0,0.0,4.0,26.0,0.0
2015-01-19,0.0,0.0,6.0,26.0,0.0
2015-01-20,0.0,0.0,5.5,26.5,0.0
2015-01-21,0.0,0.0,4.0,28.0,0.0
2015-01-22,0.0,0.0,6.0,29.0,0.0
2015-01-23,0.0,0.0,6.0,,0.0
2015-01-24,0.0,0.0,,28.0,0.0
2015-01-25,0.0,0.0,4.5,22.0,0.0
2015-01-26,0.0,1.8525028228759768,0.0,24.0,-1.8525028228759768
2015-01-27,0.0,0.0,4.0,22.0,0.0
2015-01-28,0.0,0.0,3.0,22.0,0.0
2015-01-29,0.0,0.0,4.0,24.0,0.0
2015-01-30,0.0,0.0,6.5,27.0,0.0
2015-01-31,0.0,0.0,6.0,27.5,0.0
2015-02-13,6.1,0.7567997574806213,,12.0,5.343200242519378
2015-02-14,0.2,0.3783998787403106,10.0,24.0,-0.1783998787403106
2015-02-15,0.0,0.7567997574806213,9.0,13.0,-0.7567997574806213
2015-02-16,0.0,0.0,10.0,23.0,0.0
2015-02-17,0.0,0.0,9.0,25.0,0.0
2015-02-18,0.0,0.0,8.0,29.0,0.0
2015-02-19,0.0,0.0,8.5,29.0,0.0
2015-02-20,0.0,0.0,10.0,28.0,0.0
2015-02-21,0.0,0.0,7.0,29.0,0.0
2015-02-22,0.0,0.0,8.0,30.0,0.0
2015-02-23,0.0,0.0,8.0,32.0,0.0
2015-02-24,0.0,0.0,9.0,30.0,0.0
2015-02-25,0.0,0.0,11.0,29.0,0.0
2015-02-26,0.0,0.0,7.0,28.0,0.0
2015-02-27,0.0,0.0,5.0,28.0,0.0
2015-02-28,0.0,0.0,6.0,28.0,0.0
2015-03-01,0.0,0.0,6.0,29.0,0.0
2015-03-02,0.0,0.0,8.0,30.0,0.0
2015-03-03,0.0,0.0,8.0,29.0,0.0
2015-03-04,0.0,0.0,7.0,28.0,0.0
2015-03-05,0.0,0.0,10.0,23.0,0.0
2015-03-06,0.0,0.0,12.0,29.0,0.0
2015-03-07,0.0,0.0,11.0,29.0,0.0
2015-03-08,0.0,0.0,12.0,29.0,0.0
2015-03-09,1.0,0.9172884225845336,13.0,29.0,0.08271157741546642
2015-03-10,8.5,0.4586442112922668,7.0,19.0,8.041355788707733
2015-03-11,0.8,0.6913780570030212,6.0,22.0,0.1086219429969788
2015-03-12,0.0,0.6913780570030212,4.5,23.0,-0.6913780570030212
2015-03-13,2.0,0.0,7.0,23.0,2.0
2015-03-14,9.5,1.3827561140060425,10.0,13.0,8.117243885993958
2015-03-15,4.0,4.148268699645996,8.0,16.0,-0.1482686996459961
2015-03-16,0.0,3.472373485565185,9.0,16.0,-3.472373485565185
2015-03-17,0.2,0.6944746971130371,11.0,20.0,-0.4944746971130371
2015-03-18,0.0,0.0,9.0,24.0,0.0
2015-03-19,1.0,0.0,8.0,26.0,1.0
2015-03-20,0.0,0.0,10.0,24.0,0.0
2015-03-21,1.0,0.0,13.0,26.5,1.0
2015-03-22,0.0,0.0,13.0,27.0,0.0
2015-03-23,0.0,0.0,10.5,28.0,0.0
2015-03-24,0.0,0.0,9.0,28.0,0.0
2015-03-25,0.0,0.0,4.0,25.0,0.0
2015-03-26,0.0,0.0,10.0,28.0,0.0
2015-03-27,0.0,0.0,11.0,28.0,0.0
2015-03-28,0.0,1.316604495048523,13.5,28.0,-1.316604495048523
2015-03-29,0.0,0.0,11.5,29.0,0.0
2015-03-30,0.0,0.0,10.5,29.5,0.0
2015-03-31,0.0,0.0,11.0,28.5,0.0
2015-04-01,0.0,0.0,9.0,29.5,0.0
2015-04-02,0.0,0.0,9.5,29.5,0.0
2015-04-03,0.0,0.7522328495979309,11.5,29.5,-0.7522328495979309
2015-04-04,0.0,0.0,12.0,31.5,0.0
2015-04-05,0.0,0.7522328495979309,12.0,31.0,-0.7522328495979309
2015-04-06,0.0,1.4403624534606934,11.0,30.5,-1.4403624534606934
2015-04-07,0.0,0.0,11.0,32.0,0.0
2015-04-08,0.0,0.0,12.0,30.0,0.0
2015-04-09,0.0,0.0,12.0,31.0,0.0
2015-04-10,0.0,0.0,13.0,30.5,0.0
2015-04-11,0.0,0.0,14.0,29.0,0.0
2015-04-12,0.0,1.7613343000411987,12.0,29.0,-1.7613343000411987
2015-04-13,0.0,0.0,12.0,25.0,0.0
2015-04-14,0.0,0.0,12.0,27.0,0.0
2015-04-15,0.0,0.0,10.0,28.0,0.0
2015-04-16,0.0,0.0,11.0,30.0,0.0
2015-04-17,0.0,0.0,12.0,29.5,0.0
2015-04-18,0.0,0.0,13.0,30.0,0.0
2015-04-19,0.0,0.0,10.0,30.0,0.0
2015-04-20,0.0,0.0,11.0,30.5,0.0
2015-04-21,0.0,0.0,11.0,31.0,0.0
2015-04-22,0.0,0.0,12.0,32.0,0.0
2015-04-23,0.0,0.0,13.0,31.0,0.0
2015-04-24,0.0,0.0,13.0,29.0,0.0
2015-04-25,0.0,0.0,14.0,30.0,0.0
2015-04-26,0.0,0.0,14.0,31.0,0.0
2015-04-27,0.0,0.0,14.0,29.0,0.0
2015-04-28,0.0,0.0,13.0,29.0,0.0
2015-04-29,0.0,0.0,15.0,23.0,0.0
2015-04-30,0.0,0.0,11.0,24.0,0.0
2015-05-01,0.0,0.0,11.0,29.0,0.0
2015-05-02,0.0,0.0,11.0,29.0,0.0
2015-05-03,0.0,0.0,10.5,30.0,0.0
2015-05-04,0.0,0.0,10.5,31.0,0.0
2015-05-05,0.0,0.0,11.0,32.0,0.0
2015-05-06,0.0,0.0,11.0,31.0,0.0
2015-05-07,0.0,0.0,12.0,32.0,0.0
2015-05-08,0.0,0.0,14.0,33.0,0.0
2015-05-09,0.0,0.0,14.0,34.0,0.0
2015-05-10,0.0,0.0,14.0,33.0,0.0
2015-05-11,0.0,0.0,15.0,33.0,0.0
2015-05-12,0.0,0.0,16.0,32.0,0.0
2015-05-13,0.0,2.745736122131348,14.0,30.0,-2.745736122131348
2015-05-14,0.0,0.0,15.0,31.5,0.0
2015-05-15,0.0,0.0,14.0,32.0,0.0
2015-05-16,0.0,0.0,16.0,33.0,0.0
2015-05-17,0.0,0.0,15.0,33.0,0.0
2015-05-18,0.0,0.0,15.0,34.0,0.0
2015-05-19,0.0,0.0,11.5,33.0,0.0
2015-05-20,2.0,0.0,13.0,32.5,2.0
2015-05-21,0.0,0.0,12.0,32.5,0.0
2015-05-22,3.7,0.0,14.0,33.0,3.7
2015-05-23,0.0,0.0,14.0,31.0,0.0
2015-05-24,0.0,0.0,15.0,31.5,0.0
2015-05-25,0.0,0.0,15.0,32.0,0.0
2015-05-26,0.0,0.0,15.0,33.0,0.0
2015-05-27,0.0,0.0,15.0,32.0,0.0
2015-05-28,0.0,0.0,10.5,32.0,0.0
2015-05-29,0.0,10.708732604980469,13.0,32.0,-10.708732604980469
2015-05-30,0.0,17.84788703918457,11.5,32.0,-17.84788703918457
2015-05-31,0.0,14.27830982208252,13.0,28.0,-14.27830982208252
2015-06-01,0.0,7.576922416687012,14.0,25.0,-7.576922416687012
2015-06-02,0.0,0.0,14.0,32.0,0.0
2015-06-03,0.0,3.788461208343506,15.5,,-3.788461208343506
2015-06-04,0.0,0.0,,29.0,0.0
2015-06-05,0.0,0.0,14.0,29.5,0.0
2015-06-06,0.0,0.0,17.0,30.0,0.0
2015-06-07,0.0,0.0,16.0,30.5,0.0
2015-06-08,2.6,4.677728176116943,17.0,30.0,-2.0777281761169433
2015-06-09,0.0,4.677728176116943,18.0,31.0,-4.677728176116943
2015-06-10,0.2,0.0,17.0,32.0,0.2
2015-06-11,37.5,0.0,17.0,32.0,37.5
2015-06-12,17.0,19.15043830871582,16.0,28.0,-2.1504383087158203
2015-06-13,9.0,9.57521915435791,16.5,29.0,-0.5752191543579102
2015-06-14,13.6,9.57521915435791,17.0,29.0,4.0247808456420895
2015-06-15,6.0,14.362829208374023,16.0,26.0,-8.362829208374023
2015-06-16,0.2,16.18528175354004,15.0,25.0,-15.98528175354004
2015-06-17,0.0,0.0,16.0,25.0,0.0
2015-06-18,0.0,0.0,17.0,29.0,0.0
2015-06-19,15.5,32.37056350708008,15.0,31.0,-16.870563507080078
2015-06-20,,0.0,16.0,,
2015-06-22,14.0,0.0,,27.0,14.0
2015-06-23,14.0,24.37042617797852,15.0,26.0,-10.37042617797852
2015-06-24,0.0,24.37042617797852,15.0,26.5,-24.37042617797852
2015-06-25,16.0,0.0,16.0,27.0,16.0
2015-06-26,9.8,8.64892292022705,13.0,18.0,1.15107707977295
2015-06-27,0.0,8.64892292022705,14.0,29.0,-8.64892292022705
2015-06-28,10.5,0.0,15.0,27.0,10.5
2015-06-29,0.3,8.64892292022705,15.0,26.0,-8.34892292022705
2015-06-30,0.0,25.9467716217041,16.0,22.0,-25.9467716217041
2015-07-01,0.0,0.0,,28.0,0.0
2015-07-02,5.2,12.070743560791016,,28.0,-6.8707435607910154
2015-07-03,0.0,12.070743560791016,,25.0,-12.070743560791016
2015-07-04,2.0,0.0,,27.0,2.0
2015-07-05,4.0,0.0,,27.0,4.0
2015-07-06,1.0,16.456144332885742,,28.0,-15.456144332885742
2015-07-07,35.0,5.485381126403809,,27.0,29.51461887359619
2015-07-08,25.0,16.456144332885742,15.0,25.5,8.543855667114258
2015-07-09,13.5,10.970762252807615,10.0,26.0,2.5292377471923846
2015-07-10,0.4,0.0,12.0,26.0,0.4
2015-07-11,0.0,0.0,13.0,26.5,0.0
2015-07-12,0.0,0.0,14.0,26.0,0.0
2015-07-13,0.0,0.0,14.0,26.0,0.0
2015-07-14,0.0,9.4912109375,14.0,26.0,-9.4912109375
2015-07-15,0.0,9.4912109375,13.5,27.0,-9.4912109375
2015-07-16,68.0,0.0,13.5,29.0,68.0
2015-07-17,7.5,16.472593307495117,14.0,26.5,-8.972593307495117
2015-07-18,9.5,0.0,14.0,27.5,9.5
2015-07-19,23.5,8.236296653747559,14.5,27.0,15.263703346252441
2015-07-20,0.0,24.708890914916992,14.0,26.0,-24.708890914916992
2015-07-21,0.0,16.396869659423828,14.0,26.0,-16.396869659423828
2015-07-22,13.4,16.396869659423828,14.0,26.0,-2.9968696594238278
2015-07-23,2.0,5.465622901916504,16.0,27.0,-3.465622901916504
2015-07-24,0.0,10.931245803833008,15.0,27.0,-10.931245803833008
2015-07-25,0.0,5.465622901916504,15.0,27.0,-5.465622901916504
2015-07-26,0.0,0.0,15.0,29.0,0.0
2015-07-27,1.5,12.330887794494627,15.0,28.5,-10.830887794494627
2015-07-28,0.5,0.0,14.0,29.0,0.5
2015-07-29,0.0,3.082721948623657,15.0,29.0,-3.082721948623657
2015-07-30,0.0,0.0,16.0,28.5,0.0
2015-07-31,0.0,6.1654438972473145,15.0,29.0,-6.1654438972473145
2015-08-01,0.0,0.0,16.0,29.0,0.0
2015-08-02,5.5,0.0,17.0,29.0,5.5
2015-08-03,7.5,0.0,16.0,28.0,7.5
2015-08-04,10.3,0.0,15.0,29.0,10.3
2015-08-05,2.0,19.29572296142578,15.0,29.0,-17.29572296142578
2015-08-06,111.0,14.20704746246338,16.0,29.0,96.79295253753662
2015-08-07,0.0,14.20704746246338,15.0,27.0,-14.20704746246338
2015-08-08,3.0,7.1035237312316895,16.0,28.0,-4.1035237312316895
2015-08-09,0.3,7.1035237312316895,15.0,26.5,-6.80352373123169
2015-08-10,2.3,0.0,14.0,27.0,2.3
2015-08-11,0.2,20.87913703918457,14.0,27.0,-20.67913703918457
2015-08-12,0.0,0.0,14.0,28.0,0.0
2015-08-13,0.0,0.0,14.0,27.0,0.0
2015-08-14,0.0,0.0,15.0,28.0,0.0
2015-08-15,0.0,0.0,14.0,27.0,0.0
2015-08-16,5.0,18.21398162841797,14.0,29.0,-13.213981628417969
2015-08-17,0.0,0.0,15.0,27.0,0.0
2015-08-18,0.0,0.0,13.0,27.0,0.0
2015-08-19,0.0,0.0,14.0,27.0,0.0
2015-08-20,0.0,0.0,15.5,28.0,0.0
2015-08-21,11.5,0.0,15.0,27.0,11.5
2015-08-22,12.3,17.85843849182129,15.0,26.5,-5.558438491821288
2015-08-23,0.0,8.929219245910645,15.5,26.0,-8.929219245910645
2015-08-24,33.0,0.0,14.0,28.0,33.0
2015-08-25,0.0,17.85843849182129,14.0,27.5,-17.85843849182129
2015-08-26,0.0,5.70612096786499,12.0,27.0,-5.70612096786499
2015-08-27,0.0,0.0,12.0,28.5,0.0
2015-08-28,0.0,0.0,13.0,28.0,0.0
2015-08-29,0.0,0.0,12.0,29.0,0.0
2015-08-30,1.8,0.0,12.0,30.0,1.8
2015-08-31,15.2,11.41224193572998,15.0,27.0,3.787758064270019
2015-09-01,9.7,0.0,17.0,26.5,9.7
2015-09-02,2.3,14.940740585327148,16.0,27.0,-12.640740585327148
2015-09-03,31.2,0.0,17.0,28.0,31.2
2015-09-04,0.3,14.940740585327148,15.0,25.0,-14.640740585327148
2015-09-05,0.3,14.940740585327148,16.0,27.0,-14.640740585327148
2015-09-06,3.3,0.0,16.0,28.0,3.3
2015-09-07,0.0,0.0,16.0,27.0,0.0
2015-09-08,0.0,0.0,15.0,28.0,0.0
2015-09-09,5.3,0.0,16.0,30.0,5.3
2015-09-10,4.0,24.18620109558105,16.5,27.0,-20.18620109558105
2015-09-11,27.5,0.0,15.0,28.0,27.5
2015-09-12,6.8,0.0,15.0,28.0,6.8
2015-09-13,1.8,0.0,15.5,27.0,1.8
2015-09-14,25.0,12.999013900756836,15.5,27.5,12.000986099243164
2015-09-15,11.9,25.998027801513672,15.5,27.5,-14.098027801513672
2015-09-16,24.0,6.227308750152588,15.0,26.0,17.772691249847412
2015-09-17,0.0,12.454617500305176,16.0,25.0,-12.454617500305176
2015-09-18,0.0,0.0,16.5,27.0,0.0
2015-09-19,0.0,0.0,16.0,28.0,0.0
2015-09-20,31.0,0.0,14.0,28.0,31.0
2015-09-21,0.0,0.0,14.0,28.0,0.0
2015-09-22,0.0,0.0,14.5,29.0,0.0
2015-09-23,0.0,0.0,12.0,29.0,0.0
2015-09-24,0.0,0.0,13.0,30.0,0.0
2015-09-25,0.0,0.0,14.0,29.0,0.0
2015-09-26,0.0,5.908333778381348,13.0,27.0,-5.908333778381348
2015-09-27,0.0,0.0,2.0,28.0,0.0
2015-09-28,0.0,0.0,13.0,28.0,0.0
2015-09-29,0.0,0.0,12.5,29.0,0.0
2015-09-30,0.0,0.0,12.0,27.0,0.0
2015-10-01,0.0,0.0,12.5,27.0,0.0
2015-10-02,0.0,0.0,10.0,29.0,0.0
2015-10-03,0.0,0.0,10.0,28.0,0.0
2015-10-04,0.0,7.5751752853393555,10.0,27.0,-7.5751752853393555
2015-10-05,0.0,0.0,11.0,29.0,0.0
2015-10-06,0.3,0.0,14.0,26.0,0.3
2015-10-07,1.4,14.09444522857666,13.0,30.0,-12.69444522857666
2015-10-08,0.0,0.0,14.0,26.0,0.0
2015-10-09,0.0,0.0,15.0,28.0,0.0
2015-10-10,0.0,0.0,14.0,28.0,0.0
2015-10-11,0.0,0.0,14.0,30.0,0.0
2015-10-12,0.0,0.0,16.0,31.0,0.0
2015-10-13,0.0,4.421389579772949,12.5,32.0,-4.421389579772949
2015-10-14,0.0,0.0,13.0,29.0,0.0
2015-10-15,0.0,0.0,13.0,30.0,0.0
2015-10-16,0.0,0.0,11.0,27.5,0.0
2015-10-17,0.0,0.0,12.0,27.0,0.0
2015-10-18,0.0,0.0,12.0,24.0,0.0
2015-10-19,0.0,0.0,11.0,28.0,0.0
2015-10-20,0.0,0.0,11.0,31.0,0.0
2015-10-21,0.0,0.0,12.0,31.5,0.0
2015-10-22,13.5,0.0,13.5,26.0,13.5
2015-10-23,36.3,24.70073127746582,13.0,26.0,11.599268722534177
2015-10-24,0.5,14.114703178405762,15.0,27.0,-13.614703178405762
2015-10-25,0.0,0.0,14.0,26.0,0.0
2015-10-26,0.0,0.0,13.0,26.5,0.0
2015-10-27,0.0,0.0,16.0,27.0,0.0
2015-10-28,0.0,0.0,16.0,28.0,0.0
2015-10-29,0.0,0.0,15.0,25.0,0.0
2015-10-30,0.0,22.4677734375,11.0,17.0,-22.4677734375
2015-10-31,0.0,4.493555545806885,14.0,29.0,-4.493555545806885
2015-11-01,0.0,0.0,12.5,26.0,0.0
2015-11-02,0.1,0.0,11.0,27.0,0.1
2015-11-03,0.0,0.0,12.0,25.0,0.0
2015-11-04,0.0,0.0,11.0,28.0,0.0
2015-11-05,0.0,0.0,12.0,29.5,0.0
2015-11-06,0.0,0.0,13.5,30.0,0.0
2015-11-07,0.0,0.0,15.0,29.0,0.0
2015-11-08,0.0,0.0,12.5,,0.0
2015-11-09,0.0,0.0,,30.0,0.0
2015-11-10,0.0,0.0,13.0,31.0,0.0
2015-11-11,0.0,0.0,13.0,31.0,0.0
2015-11-12,0.0,0.0,11.0,29.0,0.0
2015-11-13,0.0,0.0,13.0,28.0,0.0
2015-11-14,0.0,0.0,12.0,27.0,0.0
2015-11-15,0.0,0.0,11.5,28.0,0.0
2015-11-16,0.0,0.0,12.0,30.0,0.0
2015-11-17,0.0,0.0,12.5,,0.0
2015-11-18,0.0,1.283752202987671,,,-1.283752202987671
2015-11-19,0.0,2.567504405975342,,,-2.567504405975342
2015-11-20,0.0,0.0,,29.0,0.0
2015-11-21,0.0,0.0,11.0,30.0,0.0
2015-11-22,0.0,0.0,12.0,29.0,0.0
2015-11-23,0.0,0.0,11.0,29.0,0.0
2015-11-24,0.0,0.0,11.0,28.5,0.0
2015-11-25,0.0,0.0,11.5,27.0,0.0
2015-11-26,0.0,0.0,14.0,22.0,0.0
2015-11-27,0.0,5.908836841583252,14.0,17.5,-5.908836841583252
2015-11-28,0.0,0.0,13.0,27.0,0.0
2015-11-29,0.0,0.0,11.0,29.0,0.0
2015-11-30,0.0,0.0,10.0,29.5,0.0
2015-12-01,0.0,0.0,15.0,27.0,0.0
2015-12-02,0.0,0.0,11.0,27.0,0.0
2015-12-03,0.0,0.0,11.0,23.5,0.0
2015-12-04,0.0,0.0,10.0,26.0,0.0
2015-12-05,,0.0,10.0,,
2015-12-06,0.0,0.0,,27.0,0.0
2015-12-07,0.0,0.0,8.5,27.0,0.0
2015-12-08,,0.0,9.5,,
2015-12-09,0.0,0.0,,23.0,0.0
2015-12-10,0.0,0.0,7.0,19.0,0.0
2015-12-11,,0.0,10.0,,
2015-12-12,0.0,6.832282543182373,,22.0,-6.832282543182373
2015-12-13,0.5,6.832282543182373,12.0,23.0,-6.332282543182373
2015-12-14,0.0,0.0,5.0,25.0,0.0
2015-12-15,0.0,0.0,5.0,25.5,0.0
2015-12-16,0.0,0.0,4.0,26.0,0.0
2015-12-17,0.0,0.0,7.0,26.0,0.0
2015-12-18,0.0,0.0,9.0,23.0,0.0
2015-12-19,,0.0,7.0,,
2015-12-21,0.0,0.0,,,0.0
2015-12-22,0.0,0.0,,25.5,0.0
2015-12-23,0.0,0.0,7.0,26.0,0.0
2015-12-24,0.0,0.0,6.0,26.0,0.0
2015-12-25,,0.0,6.0,,
2015-12-26,0.0,0.0,,27.0,0.0
2015-12-27,0.0,0.0,7.0,26.0,0.0
2015-12-28,0.0,0.0,11.0,24.0,0.0
2015-12-29,,0.0,10.5,,
2015-12-30,0.0,0.0,,27.0,0.0
2015-12-31,0.0,0.0,10.0,,0.0
2016-02-01,0.0,0.0,,28.5,0.0
2016-02-02,0.0,0.0,5.5,28.0,0.0
2016-02-03,0.0,0.0,2.0,28.5,0.0
2016-02-04,0.0,0.0,2.5,30.0,0.0
2016-02-05,0.0,0.0,5.0,28.0,0.0
2016-02-06,0.0,0.0,6.0,27.0,0.0
2016-02-07,0.0,0.0,8.5,22.5,0.0
2016-02-08,0.0,0.0,4.5,26.0,0.0
2016-02-09,0.0,0.0,8.0,21.0,0.0
2016-02-10,0.0,0.0,7.0,26.0,0.0
2016-02-11,0.0,0.0,7.0,27.5,0.0
2016-02-12,0.0,0.0,7.0,29.0,0.0
2016-02-13,,0.0,7.0,,
2016-02-15,0.0,0.0,,32.0,0.0
2016-02-16,0.0,0.0,12.0,29.0,0.0
2016-02-17,0.0,0.0,10.0,31.5,0.0
2016-02-18,0.0,0.0,8.0,32.0,0.0
2016-02-19,,0.0,8.0,32.0,
2016-02-20,0.0,2.314536094665528,,32.0,-2.314536094665528
2016-02-21,0.0,0.0,7.5,32.5,0.0
2016-02-22,0.0,0.0,8.0,30.5,0.0
2016-02-23,,0.0,7.0,,
2016-03-01,0.0,0.0,,,0.0
2016-03-02,0.0,0.0,,,0.0
2016-03-03,0.0,2.0812735557556152,,,-2.0812735557556152
2016-03-04,0.0,0.0,,,0.0
2016-03-05,0.0,0.0,,,0.0
2016-03-06,0.0,0.0,,,0.0
2016-03-07,0.0,0.0,,,0.0
2016-03-08,1.0,0.0,,,1.0
2016-03-09,9.8,0.0,,,9.8
2016-03-10,0.0,0.0,,,0.0
2016-03-11,0.0,0.0,,,0.0
2016-03-12,0.0,0.0,,,0.0
2016-03-13,0.0,0.0,,,0.0
2016-03-14,0.0,0.0,,,0.0
2016-03-15,0.0,0.0,,,0.0
2016-03-16,0.0,2.2567832469940186,,,-2.2567832469940186
2016-03-17,0.0,1.5045223236083984,,,-1.5045223236083984
2016-03-18,0.0,0.0,,,0.0
2016-03-19,0.0,0.0,,,0.0
2016-03-20,0.0,0.0,,,0.0
2016-03-21,0.0,0.0,,,0.0
2016-03-22,0.0,0.0,,,0.0
2016-03-23,0.0,0.0,,,0.0
2016-03-24,0.0,0.0,,,0.0
2016-03-25,0.0,0.0,,,0.0
2016-03-26,0.0,0.0,,,0.0
2016-03-27,0.0,0.0,,,0.0
2016-03-28,0.0,0.0,,,0.0
2016-03-29,0.0,0.0,,,0.0
2016-03-30,0.0,0.0,,,0.0
2016-03-31,0.0,0.0,,,0.0
2016-04-01,0.0,0.0,,,0.0
2016-04-02,0.0,0.0,,,0.0
2016-04-03,0.0,0.4452137351036072,,,-0.4452137351036072
2016-04-04,0.0,0.0,,,0.0
2016-04-05,0.0,0.0,,,0.0
2016-04-06,0.0,0.2389918267726898,,,-0.2389918267726898
2016-04-07,0.0,0.2389918267726898,,,-0.2389918267726898
2016-04-08,0.0,0.0,,,0.0
2016-04-09,0.0,0.0,,,0.0
2016-04-10,0.0,0.0,,,0.0
2016-04-11,0.0,0.0,,,0.0
2016-04-12,0.0,0.0,,,0.0
2016-04-13,0.0,0.0,,,0.0
2016-04-14,0.0,0.0,,,0.0
2016-04-15,0.0,0.0,,,0.0
2016-04-16,0.0,0.0,,,0.0
2016-04-17,0.0,0.0,,,0.0
2016-04-18,0.0,0.0,,,0.0
2016-04-19,0.0,0.0,,,0.0
2016-04-20,0.0,0.0,,,0.0
2016-04-21,0.0,0.1944652795791626,,,-0.1944652795791626
2016-04-22,0.0,0.1944652795791626,,,-0.1944652795791626
2016-04-23,0.0,0.0,,,0.0
2016-04-24,0.0,0.0,,,0.0
2016-04-25,0.0,0.1944652795791626,,,-0.1944652795791626
2016-04-26,0.0,0.2309247851371765,,,-0.2309247851371765
2016-04-27,0.0,0.0,,,0.0
2016-04-28,0.0,0.0,,,0.0
2016-04-29,0.0,0.0,,,0.0
2016-04-30,0.0,0.461849570274353,,,-0.461849570274353
2016-05-01,0.0,0.0,,,0.0
2016-05-02,0.0,0.0,,,0.0
2016-05-03,0.0,0.0,,,0.0
2016-05-04,0.0,0.0,,,0.0
2016-05-05,0.0,0.0,,,0.0
2016-05-06,0.0,0.0,,,0.0
2016-05-07,0.0,0.0,,,0.0
2016-05-08,0.0,0.0,,,0.0
2016-05-09,0.0,0.0,,,0.0
2016-05-10,0.0,0.0,,,0.0
2016-05-11,0.0,0.0,,,0.0
2016-05-12,0.0,0.0,,,0.0
2016-05-13,0.0,3.9922492504119873,,,-3.9922492504119873
2016-05-14,0.0,7.984498500823975,,,-7.984498500823975
2016-05-15,0.0,0.0,,,0.0
2016-05-16,0.0,0.0,,,0.0
2016-05-17,0.0,1.5195649862289429,,,-1.5195649862289429
2016-05-18,0.0,0.0,,,0.0
2016-05-19,0.0,0.0,,,0.0
2016-05-20,0.0,0.0,,,0.0
2016-05-21,0.0,0.0,,,0.0
2016-05-22,0.0,0.0,,,0.0
2016-05-23,0.0,0.0,,,0.0
2016-05-24,0.0,0.0,,,0.0
2016-05-25,0.0,0.0,,,0.0
2016-05-26,0.0,0.0,,,0.0
2016-05-27,0.0,0.0,,,0.0
2016-05-28,0.0,0.0,,,0.0
2016-05-29,0.0,0.0,,,0.0
2016-05-30,0.0,0.0,,,0.0
2016-05-31,0.0,0.0,,,0.0
2016-06-01,0.0,0.0,,,0.0
2016-06-02,0.0,0.0,,,0.0
2016-06-03,0.0,0.0,,,0.0
2016-06-04,0.0,0.0,,,0.0
2016-06-05,0.0,0.0,,,0.0
2016-06-06,0.0,21.00073432922364,,,-21.00073432922364
2016-06-07,0.0,0.0,,,0.0
2016-06-08,48.0,0.0,,,48.0
2016-06-09,0.0,0.0,,,0.0
2016-06-10,0.0,0.0,,,0.0
2016-06-11,40.0,0.0,,,40.0
2016-06-12,12.3,8.199198722839355,,,4.100801277160645
2016-06-13,16.0,24.59759521484375,,,-8.59759521484375
2016-06-14,2.0,16.39839744567871,,,-14.398397445678711
2016-06-15,23.0,24.59759521484375,,,-1.59759521484375
2016-06-16,10.0,8.877055168151855,,,1.1229448318481445
2016-06-17,6.0,17.75411033630371,,,-11.754110336303711
2016-06-18,9.0,8.877055168151855,,,0.12294483184814453
2016-06-19,4.0,0.0,,,4.0
2016-06-20,1.5,0.0,,,1.5
2016-06-21,2.0,18.50115394592285,,,-16.50115394592285
2016-06-22,35.0,0.0,,,35.0
2016-06-24,17.0,6.167051792144775,,,10.832948207855225
2016-06-25,4.5,6.167051792144775,,,-1.6670517921447754
2016-06-26,75.0,8.033193588256836,,,66.96680641174316
2016-06-27,7.0,24.09958267211914,,,-17.09958267211914
2016-06-28,7.0,8.033193588256836,,,-1.033193588256836
2016-06-29,5.0,0.0,,,5.0
2016-07-02,1.0,8.157432556152344,,,-7.157432556152344
2016-07-03,49.0,0.0,,,49.0
2016-07-04,0.0,8.157432556152344,,,-8.157432556152344
2016-07-05,16.5,0.0,,,16.5
2016-07-06,0.0,7.503784656524658,,,-7.503784656524658
2016-07-07,1.5,7.503784656524658,,,-6.003784656524658
2016-07-08,16.5,0.0,,,16.5
2016-07-09,0.0,7.503784656524658,,,-7.503784656524658
2016-07-10,0.0,0.0,,,0.0
2016-07-11,52.5,14.267115592956545,,,38.23288440704346
2016-07-12,0.0,14.267115592956545,,,-14.267115592956545
2016-07-13,25.0,0.0,,,25.0
2016-07-14,11.0,14.267115592956545,,,-3.2671155929565447
2016-07-15,0.0,14.267115592956545,,,-14.267115592956545
2016-07-16,0.0,5.587346076965332,,,-5.587346076965332
2016-07-17,0.0,0.0,,,0.0
2016-07-18,0.0,5.587346076965332,,,-5.587346076965332
2016-07-19,7.0,16.76203727722168,,,-9.76203727722168
2016-07-20,0.0,0.0,,,0.0
2016-07-21,0.0,0.0,,,0.0
2016-07-22,10.0,0.0,,,10.0
2016-07-23,4.0,4.8553338050842285,,,-0.8553338050842285
2016-07-24,0.0,9.710667610168455,,,-9.710667610168455
2016-07-25,0.0,9.710667610168455,,,-9.710667610168455
2016-07-26,0.0,9.927541732788086,,,-9.927541732788086
2016-07-27,15.0,0.0,,,15.0
2016-07-28,2.4,19.85508346557617,,,-17.45508346557617
2016-07-29,13.0,9.927541732788086,,,3.072458267211914
2016-07-30,17.0,19.85508346557617,,,-2.8550834655761683
2016-07-31,6.6,19.85508346557617,,,-13.255083465576169
2016-08-01,2.5,0.0,,,2.5
2016-08-02,41.5,20.78037452697754,,,20.71962547302246
2016-08-03,2.3,10.39018726348877,,,-8.090187263488769
2016-08-04,0.0,0.0,,,0.0
2016-08-05,2.0,0.0,,,2.0
2016-08-06,2.0,0.0,,,2.0
2016-08-07,3.0,4.838245868682861,,,-1.8382458686828613
2016-08-08,1.0,0.0,,,1.0
2016-08-09,0.0,9.676491737365724,,,-9.676491737365724
2016-08-10,0.0,0.0,,,0.0
2016-08-11,4.5,0.0,,,4.5
2016-08-12,0.0,13.588863372802734,,,-13.588863372802734
2016-08-13,0.0,0.0,,,0.0
2016-08-14,4.5,0.0,,,4.5
2016-08-15,4.0,6.794431686401367,,,-2.794431686401367
2016-08-16,9.2,0.0,,,9.2
2016-08-17,64.0,0.0,,,64.0
2016-08-18,2.0,37.15077972412109,,,-35.15077972412109
2016-08-20,5.0,0.0,,,5.0
2016-08-21,52.0,11.904038429260254,,,40.095961570739746
2016-08-22,2.0,5.952019214630127,,,-3.952019214630127
2016-08-23,10.0,0.0,,,10.0
2016-08-24,24.5,11.904038429260254,,,12.595961570739746
2016-08-25,0.5,11.904038429260254,,,-11.404038429260254
2016-08-26,0.6,0.0,,,0.6
2016-08-27,0.0,0.0,,,0.0
2016-08-28,0.0,8.593521118164062,,,-8.593521118164062
2016-08-29,1.0,4.296760559082031,,,-3.2967605590820312
2016-08-30,0.0,0.0,,,0.0
2016-08-31,43.0,0.0,,,43.0
2016-09-01,7.0,8.439437866210938,,,-1.4394378662109375
2016-09-02,0.0,16.878875732421875,,,-16.878875732421875
2016-09-04,4.0,0.0,,,4.0
2016-09-05,0.0,0.0,,,0.0
2016-09-06,0.0,0.0,,,0.0
2016-09-07,0.0,0.0,,,0.0
2016-09-08,0.0,0.0,,,0.0
2016-09-09,0.0,0.0,,,0.0
2016-09-10,12.8,0.0,,,12.8
2016-09-11,0.0,0.0,,,0.0
2016-09-12,0.0,0.0,,,0.0
2016-09-13,18.0,0.0,,,18.0
2016-09-14,0.0,6.252299308776856,,,-6.252299308776856
2016-09-15,0.5,3.126149654388428,,,-2.626149654388428
2016-09-16,0.0,0.0,,,0.0
2016-09-17,8.5,0.0,,,8.5
2016-09-18,0.0,0.0,,,0.0
2016-09-19,8.5,0.0,,,8.5
2016-09-20,4.0,0.0,,,4.0
2016-09-21,0.0,0.0,,,0.0
2016-09-22,1.5,0.0,,,1.5
2016-09-23,0.0,0.0,,,0.0
2016-09-24,0.0,0.0,,,0.0
2016-09-25,1.5,17.221633911132812,,,-15.721633911132812
2016-09-26,4.5,0.0,,,4.5
2016-09-27,4.0,46.28155517578125,,,-42.28155517578125
2016-09-28,17.0,15.427184104919434,,,1.5728158950805664
2016-09-29,19.5,15.427184104919434,,,4.072815895080566
2016-09-30,1.0,0.0,,,1.0
2016-10-01,0.0,4.198486804962158,,,-4.198486804962158
2016-10-02,59.0,4.198486804962158,,,54.80151319503784
2016-10-03,0.3,4.198486804962158,,,-3.8984868049621584
2016-10-04,0.0,0.0,,,0.0
2016-10-05,2.5,0.0,,,2.5
2016-10-06,0.0,5.366908550262451,,,-5.366908550262451
2016-10-07,0.0,0.0,,,0.0
2016-10-08,0.0,5.366908550262451,,,-5.366908550262451
2016-10-09,0.0,0.0,,,0.0
2016-10-10,0.0,0.0,,,0.0
2016-10-11,0.0,0.0,,,0.0
2016-10-12,0.0,0.0,,,0.0
2016-10-13,0.0,0.0,,,0.0
2016-10-14,0.0,0.0,,,0.0
2016-10-15,0.0,0.0,,,0.0
2016-10-16,0.0,0.0,,,0.0
2016-10-17,0.0,0.0,,,0.0
2016-10-18,0.0,0.0,,,0.0
2016-10-19,0.0,0.0,,,0.0
2016-10-20,0.0,3.778778791427612,,,-3.778778791427612
2016-10-21,0.0,0.0,,,0.0
2016-10-22,0.0,0.0,,,0.0
2016-10-23,0.0,0.0,,,0.0
2016-10-24,0.0,0.0,,,0.0
2016-10-25,0.0,0.0,,,0.0
2016-10-26,0.0,0.0,,,0.0
2016-10-27,0.0,0.0,,,0.0
2016-10-28,0.0,0.0,,,0.0
2016-10-29,0.0,0.0,,,0.0
2016-10-30,0.0,0.0,,,0.0
2016-10-31,0.0,0.0,,,0.0
2016-11-01,0.0,0.0,,,0.0
2016-11-02,0.0,0.0,,,0.0
2016-11-03,0.0,0.0,,,0.0
2016-11-04,0.0,0.0,,,0.0
2016-11-05,0.0,0.0,,,0.0
2016-11-06,0.0,0.0,,,0.0
2016-11-07,0.0,0.0,,,0.0
2016-11-08,3.6,0.0,,,3.6
2016-11-09,0.0,3.288693904876709,,,-3.288693904876709
2016-11-10,0.0,9.866081237792969,,,-9.866081237792969
2016-11-11,0.4,4.767673015594482,,,-4.367673015594482
2016-11-12,7.5,0.0,,,7.5
2016-11-13,11.5,14.303017616271973,,,-2.8030176162719727
2016-11-14,0.0,4.767673015594482,,,-4.767673015594482
2016-11-15,0.0,0.0,,,0.0
2016-11-16,0.0,0.0,,,0.0
2016-11-17,0.0,0.0,,,0.0
2016-11-18,0.0,0.0,,,0.0
2016-11-19,0.0,0.0,,,0.0
2016-11-20,0.0,0.0,,,0.0
2016-11-21,0.0,0.0,,,0.0
2016-11-22,0.0,0.0,,,0.0
2016-11-23,0.0,0.0,,,0.0
2016-11-24,0.0,0.0,,,0.0
2016-11-25,0.0,0.0,,,0.0
2016-11-26,0.0,0.0,,,0.0
2016-11-27,0.0,0.0,,,0.0
2016-11-28,0.0,0.0,,,0.0
2016-11-29,0.0,0.0,,,0.0
2016-11-30,0.0,0.0,,,0.0
2016-12-01,0.0,0.0,,,0.0
2016-12-02,10.0,0.0,,,10.0
2016-12-03,0.0,4.5803327560424805,,,-4.5803327560424805
2016-12-04,0.0,0.0,,,0.0
2016-12-05,0.0,0.0,,,0.0
2016-12-06,0.0,0.0,,,0.0
2016-12-07,0.0,0.0,,,0.0
2016-12-08,0.0,0.0,,,0.0
2016-12-09,0.0,0.0,,,0.0
2016-12-10,0.0,0.0,,,0.0
2016-12-11,0.0,0.0,,,0.0
2016-12-12,0.0,0.0,,,0.0
2016-12-13,0.0,0.0,,,0.0
2016-12-14,0.0,0.0,,,0.0
2016-12-15,0.0,0.0,,,0.0
2016-12-16,0.0,0.0,,,0.0
2016-12-17,0.0,0.0,,,0.0
2016-12-18,0.0,0.0,,,0.0
2016-12-19,0.0,0.0,,,0.0
2016-12-20,0.0,0.0,,,0.0
2016-12-21,0.0,0.0,,,0.0
2016-12-22,0.0,0.0,,,0.0
2016-12-23,0.0,0.0,,,0.0
2016-12-24,0.0,0.0,,,0.0
2016-12-25,0.0,0.0,,,0.0
2016-12-26,0.0,0.0,,,0.0
2016-12-27,0.0,0.0,,,0.0
2016-12-28,0.0,0.0,,,0.0
2016-12-29,0.0,0.0,,,0.0
2016-12-30,0.0,0.0,,,0.0
2016-12-31,0.0,0.0,,,0.0
2017-02-01,0.5,0.0,,,0.5
2017-02-02,0.0,0.0,,,0.0
2017-02-03,0.0,0.0,,,0.0
2017-02-04,0.0,0.0,,,0.0
2017-02-05,0.0,0.0,,,0.0
2017-02-06,0.0,0.0,,,0.0
2017-02-07,0.0,0.0,,,0.0
2017-02-08,0.0,0.0,,,0.0
2017-02-09,0.0,0.0,,,0.0
2017-02-10,0.0,0.0,,,0.0
2017-02-11,0.0,0.0,,,0.0
2017-02-12,0.0,0.0,,,0.0
2017-02-13,0.0,0.0,,,0.0
2017-02-14,0.0,0.0,,,0.0
2017-02-15,0.0,0.0,,,0.0
2017-02-16,0.0,0.0,,,0.0
2017-02-17,0.0,0.0,,,0.0
2017-02-18,0.0,0.0,,,0.0
2017-02-19,0.0,0.0,,,0.0
2017-02-20,0.0,0.0,,,0.0
2017-02-21,0.0,0.0,,,0.0
2017-02-22,0.0,0.0,,,0.0
2017-02-23,0.0,0.0,,,0.0
2017-02-24,0.0,0.0,,,0.0
2017-02-25,0.0,0.0,,,0.0
2017-02-26,0.0,0.0,,,0.0
2017-02-27,0.0,0.0,,,0.0
2017-02-28,0.0,0.0,,,0.0
2017-04-06,0.0,0.0,,31.0,0.0
2017-04-07,0.0,0.0,11.0,35.0,0.0
2017-04-08,0.0,1.2947369813919067,14.5,36.0,-1.2947369813919067
2017-04-09,0.0,0.0,16.0,33.0,0.0
2017-04-10,0.0,0.0,11.0,32.0,0.0
2017-04-11,0.0,0.0,11.0,32.0,0.0
2017-04-12,0.0,0.0,10.0,31.0,0.0
2017-04-13,0.0,0.0,12.0,32.0,0.0
2017-04-14,0.0,0.0,10.0,32.0,0.0
2017-04-15,0.0,0.0,10.0,32.0,0.0
2017-04-16,0.0,0.0,11.5,31.0,0.0
2017-04-17,0.0,0.0,10.0,28.0,0.0
2017-04-18,0.0,0.0,8.5,29.0,0.0
2017-04-19,0.0,0.0,10.0,30.0,0.0
2017-04-20,0.0,0.0,10.5,31.0,0.0
2017-04-21,0.0,0.0,11.5,36.0,0.0
2017-04-22,0.0,0.0,11.0,31.0,0.0
2017-04-23,0.0,0.0,11.5,32.0,0.0
2017-04-24,0.0,0.0,11.5,31.0,0.0
2017-04-25,0.0,1.4171181917190552,12.5,31.5,-1.4171181917190552
2017-04-26,0.0,0.0,8.5,29.0,0.0
2017-04-27,0.0,0.0,11.0,31.0,0.0
2017-04-28,0.0,0.0,8.0,30.0,0.0
2017-04-29,0.0,0.0,11.0,31.0,0.0
2017-04-30,0.0,0.0,12.0,32.0,0.0
2017-05-01,0.0,0.0,12.0,34.0,0.0
2017-05-02,0.0,0.0,11.5,33.5,0.0
2017-05-03,0.0,0.0,13.5,31.0,0.0
2017-05-04,0.0,0.0,14.5,29.5,0.0
2017-05-05,0.0,0.0,16.0,32.0,0.0
2017-05-06,0.0,0.0,14.5,32.0,0.0
2017-05-07,0.0,0.0,12.5,32.0,0.0
2017-05-08,0.0,0.0,14.0,32.5,0.0
2017-05-09,0.0,0.0,11.5,32.5,0.0
2017-05-10,0.0,0.0,12.5,32.5,0.0
2017-05-11,0.0,0.0,12.5,34.0,0.0
2017-05-12,0.0,0.0,12.5,34.0,0.0
2017-05-13,0.0,0.0,12.5,34.0,0.0
2017-05-14,0.0,0.0,12.5,34.0,0.0
2017-05-15,0.0,0.0,12.5,34.0,0.0
2017-05-16,0.0,0.0,12.0,35.0,0.0
2017-05-17,0.0,0.0,13.0,34.0,0.0
2017-05-18,0.0,0.0,13.0,34.0,0.0
2017-05-19,0.0,0.0,13.5,34.0,0.0
2017-05-20,0.0,0.0,15.0,35.5,0.0
2017-05-21,0.0,0.0,15.0,35.0,0.0
2017-05-22,0.0,0.0,13.0,35.0,0.0
2017-05-23,0.0,0.0,14.0,32.0,0.0
2017-05-24,0.0,0.0,15.0,33.0,0.0
2017-05-25,0.0,0.0,15.0,32.0,0.0
2017-05-26,3.0,0.0,15.0,35.0,3.0
2017-05-27,0.0,13.747303009033203,15.0,35.0,-13.747303009033203
2017-05-28,0.0,0.0,14.5,32.5,0.0
2017-05-29,0.0,0.0,15.0,32.5,0.0
2017-05-30,15.0,0.0,15.0,32.5,15.0
2017-05-31,0.0,0.0,15.0,33.0,0.0
2017-06-01,0.0,0.0,14.0,33.0,0.0
2017-06-02,0.0,0.0,15.0,33.0,0.0
2017-06-03,,0.0,14.0,,
2017-06-05,0.0,0.0,,30.0,0.0
2017-06-06,0.0,0.0,15.0,34.0,0.0
2017-06-07,6.0,0.0,17.5,32.0,6.0
2017-06-08,30.0,8.468610763549805,12.0,31.0,21.531389236450195
2017-06-09,3.5,8.468610763549805,15.5,30.0,-4.968610763549805
2017-06-10,0.0,25.405834197998047,16.0,30.0,-25.405834197998047
2017-06-11,0.0,16.00968360900879,16.0,30.0,-16.00968360900879
2017-06-12,0.0,0.0,16.5,32.0,0.0
2017-06-13,0.0,0.0,16.0,33.0,0.0
2017-06-14,0.0,0.0,18.0,30.0,0.0
2017-06-15,0.0,0.0,17.0,31.5,0.0
2017-06-16,0.0,0.0,19.0,32.0,0.0
2017-06-17,0.0,0.0,17.5,32.0,0.0
2017-06-18,7.0,0.0,16.0,32.5,7.0
2017-06-19,0.0,4.931675434112549,15.0,31.0,-4.931675434112549
2017-06-20,0.0,0.0,17.5,29.0,0.0
2017-06-21,0.0,0.0,16.0,31.0,0.0
2017-06-22,0.0,0.0,18.0,32.0,0.0
2017-06-23,17.0,0.0,17.0,32.0,17.0
2017-06-24,0.0,5.527511119842529,16.0,30.0,-5.527511119842529
2017-06-25,5.0,0.0,15.0,27.0,5.0
2017-06-26,2.0,4.823766231536865,17.0,24.0,-2.8237662315368652
2017-06-27,54.0,0.0,16.0,27.5,54.0
2017-06-28,0.0,24.11882972717285,15.0,23.5,-24.11882972717285
2017-06-29,0.3,0.0,16.0,28.0,0.3
2017-06-30,1.3,14.471298217773438,16.5,26.0,-13.171298217773437
2017-07-01,0.0,0.0,16.0,32.0,0.0
2017-07-02,10.0,0.0,16.0,25.0,10.0
2017-07-03,1.0,10.906245231628418,12.0,27.0,-9.906245231628418
2017-07-04,2.0,10.906245231628418,16.0,26.0,-8.906245231628418
2017-07-05,11.5,5.453122615814209,15.0,28.0,6.046877384185791
2017-07-06,1.0,15.297223091125488,14.0,27.0,-14.297223091125488
2017-07-07,0.0,15.297223091125488,15.0,26.0,-15.297223091125488
2017-07-08,5.0,15.297223091125488,15.0,26.0,-10.297223091125488
2017-07-09,17.0,30.594446182250977,16.0,26.0,-13.594446182250977
2017-07-10,20.0,15.297223091125488,15.5,21.0,4.702776908874512
2017-07-11,19.6,4.7882819175720215,16.0,23.5,14.81171808242798
2017-07-12,0.0,14.364845275878906,16.0,25.0,-14.364845275878906
2017-07-13,6.0,9.576563835144045,16.0,23.0,-3.5765638351440447
2017-07-14,0.0,4.7882819175720215,16.5,25.0,-4.7882819175720215
2017-07-15,5.0,4.7882819175720215,16.0,25.0,0.21171808242797852
2017-07-16,26.0,0.0,16.0,27.0,26.0
2017-07-17,5.0,16.458066940307617,14.5,26.0,-11.458066940307617
2017-07-18,5.0,0.0,15.0,26.0,5.0
2017-07-19,10.0,16.458066940307617,16.0,26.0,-6.458066940307617
2017-07-20,6.5,8.229033470153809,16.0,25.0,-1.7290334701538086
2017-07-21,0.0,0.0,15.0,26.0,0.0
2017-07-22,5.0,11.88182544708252,15.0,26.0,-6.8818254470825195
2017-07-23,3.0,3.96060848236084,15.0,26.0,-0.9606084823608398
2017-07-24,3.0,7.92121696472168,16.0,27.0,-4.92121696472168
2017-07-25,2.0,7.92121696472168,16.0,26.0,-5.92121696472168
2017-07-26,6.0,4.861814498901367,15.0,26.0,1.1381855010986328
2017-07-27,2.5,0.0,15.0,27.0,2.5
2017-07-28,8.0,9.723628997802734,15.0,26.5,-1.7236289978027344
2017-07-29,0.0,9.723628997802734,16.0,26.0,-9.723628997802734
2017-07-30,0.0,9.723628997802734,15.0,26.0,-9.723628997802734
2017-07-31,0.0,0.0,16.0,26.0,0.0
2017-08-01,,0.0,15.0,,
2017-08-02,19.0,0.0,,28.0,19.0
2017-08-03,6.0,15.323285102844238,17.0,26.0,-9.323285102844238
2017-08-04,21.3,15.323285102844238,16.0,26.5,5.976714897155762
2017-08-05,0.0,15.323285102844238,14.5,26.0,-15.323285102844238
2017-08-06,1.0,6.951234817504883,16.0,26.0,-5.951234817504883
2017-08-07,0.0,6.951234817504883,15.5,26.0,-6.951234817504883
2017-08-08,0.0,0.0,15.0,24.0,0.0
2017-08-09,0.0,3.4756174087524414,16.0,23.0,-3.4756174087524414
2017-08-10,1.5,3.4756174087524414,14.5,26.0,-1.9756174087524414
2017-08-11,0.0,0.0,16.0,27.0,0.0
2017-08-12,0.0,7.331935405731201,17.0,27.0,-7.331935405731201
2017-08-13,7.0,0.0,16.0,27.0,7.0
2017-08-14,0.0,14.663870811462402,15.0,26.0,-14.663870811462402
2017-08-15,0.0,0.0,15.0,27.0,0.0
2017-08-16,0.0,19.44520378112793,16.0,27.0,-19.44520378112793
2017-08-17,3.0,0.0,16.0,27.0,3.0
2017-08-18,3.5,0.0,15.0,27.0,3.5
2017-08-19,1.5,9.722601890563965,16.0,27.5,-8.222601890563965
2017-08-20,0.0,0.0,16.0,27.0,0.0
2017-08-21,0.0,6.592467784881592,16.0,27.0,-6.592467784881592
2017-08-22,1.3,6.592467784881592,16.0,27.0,-5.292467784881592
2017-08-23,26.0,19.777402877807617,15.0,25.0,6.222597122192383
2017-08-24,13.5,19.777402877807617,15.0,25.0,-6.277402877807617
2017-08-25,2.0,6.592467784881592,14.0,26.0,-4.592467784881592
2017-08-26,6.5,0.0,15.0,26.5,6.5
2017-08-27,2.5,16.08439064025879,15.0,26.5,-13.584390640258789
2017-08-28,24.5,16.08439064025879,15.5,27.0,8.415609359741211
2017-08-29,8.5,32.16878128051758,16.0,25.0,-23.668781280517578
2017-08-30,15.5,0.0,15.0,25.0,15.5
2017-08-31,6.0,0.0,15.0,24.5,6.0
2017-09-01,8.7,9.607882499694824,15.0,23.0,-0.9078824996948249
2017-09-02,0.0,0.0,16.0,25.0,0.0
2017-09-03,1.5,0.0,16.0,25.0,1.5
2017-09-04,10.0,19.21576499938965,14.0,25.0,-9.215764999389648
2017-09-05,17.0,9.607882499694824,16.0,25.0,7.392117500305176
2017-09-06,68.0,0.0,16.0,22.0,68.0
2017-09-07,,0.0,15.5,,
2017-09-08,6.5,0.0,,26.0,6.5
2017-09-09,0.0,0.0,16.0,25.0,0.0
2017-09-10,0.0,0.0,16.0,25.0,0.0
2017-09-11,0.0,0.0,15.5,26.0,0.0
2017-09-12,0.0,0.0,16.0,27.0,0.0
2017-09-13,0.0,0.0,16.0,26.0,0.0
2017-09-14,0.0,0.0,16.5,26.0,0.0
2017-09-15,0.0,0.0,16.0,27.0,0.0
2017-09-16,0.0,0.0,16.0,28.0,0.0
2017-09-17,6.3,0.0,15.0,28.0,6.3
2017-09-18,0.0,4.830219268798828,14.5,27.0,-4.830219268798828
2017-09-19,0.0,0.0,16.0,27.0,0.0
2017-09-20,13.0,0.0,15.0,28.0,13.0
2017-09-21,7.0,17.231861114501953,14.5,27.0,-10.231861114501953
2017-09-22,13.5,8.615930557250977,16.0,26.0,4.884069442749023
2017-09-23,0.0,34.463722229003906,16.0,26.0,-34.463722229003906
2017-09-24,0.5,0.0,16.0,24.0,0.5
2017-09-25,0.0,0.0,16.0,22.5,0.0
2017-09-26,0.0,0.0,13.0,26.5,0.0
2017-09-27,25.0,10.432201385498049,14.0,26.0,14.567798614501951
2017-09-28,1.0,31.296606063842773,15.0,25.0,-30.296606063842773
2017-09-29,0.0,0.0,14.5,24.0,0.0
2017-09-30,14.5,0.0,15.5,25.0,14.5
2017-10-01,0.0,0.0,14.0,24.0,0.0
2017-10-02,0.0,6.012282848358154,13.5,25.5,-6.012282848358154
2017-10-03,0.0,0.0,13.5,24.0,0.0
2017-10-04,0.3,6.012282848358154,15.0,24.0,-5.7122828483581545
2017-10-05,0.0,9.018424034118652,15.0,25.0,-9.018424034118652
2017-10-06,47.0,0.0,14.0,26.0,47.0
2017-10-07,8.0,12.97497844696045,15.0,24.0,-4.974978446960449
2017-10-08,0.0,6.487489223480225,15.0,24.0,-6.487489223480225
2017-10-09,0.0,0.0,15.0,24.0,0.0
2017-10-10,3.0,0.0,14.0,26.0,3.0
2017-10-11,0.0,0.0,13.0,25.0,0.0
2017-10-12,0.0,0.0,12.0,24.0,0.0
2017-10-13,0.0,0.0,14.0,25.0,0.0
2017-10-14,9.0,0.0,13.0,24.5,9.0
2017-10-15,0.0,0.0,12.5,26.0,0.0
2017-10-16,0.0,0.0,12.0,25.0,0.0
2017-10-17,0.0,0.0,11.5,25.0,0.0
2017-10-18,0.0,0.0,12.0,26.0,0.0
2017-10-19,0.0,0.0,11.5,25.0,0.0
2017-10-20,0.0,0.0,12.0,27.5,0.0
2017-10-21,0.0,0.0,12.0,25.0,0.0
2017-10-22,0.0,0.0,12.0,26.0,0.0
2017-10-23,0.0,0.0,12.0,27.0,0.0
2017-10-24,0.0,0.0,10.0,27.0,0.0
2017-10-25,0.0,0.0,10.5,22.0,0.0
2017-10-26,0.0,0.0,7.0,23.0,0.0
2017-10-27,0.0,0.0,12.0,26.5,0.0
2017-10-28,0.0,0.0,11.0,26.0,0.0
2017-10-29,0.0,0.0,11.0,25.0,0.0
2017-10-30,0.0,0.0,12.0,26.0,0.0
2017-10-31,0.0,0.0,11.5,26.0,0.0
2017-12-01,0.0,0.0,6.0,24.0,0.0
2017-12-02,0.0,0.0,5.0,24.0,0.0
2017-12-03,0.0,0.0,5.0,25.0,0.0
2017-12-04,0.0,0.0,6.0,25.0,0.0
2017-12-05,0.0,0.0,6.0,27.0,0.0
2017-12-06,0.0,0.0,6.0,27.0,0.0
2017-12-07,0.0,0.0,8.0,25.0,0.0
2017-12-08,0.0,0.0,8.0,18.0,0.0
2017-12-09,0.0,0.0,7.0,19.0,0.0
2017-12-10,0.0,0.0,2.5,18.0,0.0
2017-12-11,0.0,4.57715368270874,3.5,17.0,-4.57715368270874
2017-12-12,0.0,0.0,4.0,24.0,0.0
2017-12-13,0.0,0.0,4.0,23.0,0.0
2017-12-14,0.0,0.0,8.0,23.5,0.0
2017-12-15,0.0,0.0,10.0,21.0,0.0
2017-12-16,10.0,0.0,11.0,16.0,10.0
2017-12-17,0.2,0.0,11.0,21.0,0.2
2017-12-18,0.0,0.0,8.0,24.0,0.0
2017-12-19,0.0,0.0,7.0,24.0,0.0
2017-12-20,0.0,0.0,7.0,26.0,0.0
2017-12-21,0.0,0.0,8.0,24.0,0.0
2017-12-22,0.0,4.347894668579102,8.0,20.0,-4.347894668579102
2017-12-23,0.0,0.0,8.0,22.0,0.0
2017-12-24,0.0,0.0,8.0,22.0,0.0
2017-12-25,0.0,0.0,7.0,22.0,0.0
2017-12-26,0.0,0.0,7.0,25.5,0.0
2017-12-27,0.0,0.0,6.5,25.5,0.0
2017-12-28,0.0,0.0,6.5,24.0,0.0
2017-12-29,0.0,0.0,7.0,23.0,0.0
2017-12-30,0.0,0.0,7.0,23.0,0.0
2017-12-31,0.0,0.0,7.0,24.0,0.0
2018-01-01,0.0,0.0,7.0,25.0,0.0
2018-01-02,0.0,0.0,6.5,24.0,0.0
2018-01-03,0.0,0.0,7.0,24.0,0.0
2018-01-04,0.0,0.0,6.0,24.0,0.0
2018-01-05,0.0,0.0,6.5,25.0,0.0
2018-01-06,0.0,0.0,6.5,24.0,0.0
2018-01-07,0.0,0.0,7.0,25.0,0.0
2018-01-08,0.0,0.0,7.0,25.5,0.0
2018-01-09,0.0,0.0,5.5,26.0,0.0
2018-01-10,0.0,0.0,6.0,25.5,0.0
2018-01-11,0.0,0.0,5.5,25.0,0.0
2018-01-12,0.0,0.0,6.0,25.0,0.0
2018-01-13,0.0,0.0,4.0,23.0,0.0
2018-01-14,0.0,0.0,3.0,25.5,0.0
2018-01-15,0.0,0.0,3.5,22.5,0.0
2018-01-16,0.0,0.0,4.0,24.0,0.0
2018-01-17,0.0,0.0,5.0,23.0,0.0
2018-01-18,10.0,0.0,6.5,24.0,10.0
2018-01-19,0.0,0.0,6.0,,0.0
2018-01-23,5.5,0.0,,27.5,5.5
2018-01-24,0.0,0.0,3.5,25.0,0.0
2018-01-25,10.0,0.0,6.0,24.0,10.0
2018-01-26,0.0,0.0,7.5,22.0,0.0
2018-01-27,1.2,0.0,7.0,25.0,1.2
2018-01-28,1.2,0.0,7.0,26.0,1.2
2018-01-29,0.0,7.978231906890869,10.0,17.0,-7.978231906890869
2018-01-30,0.0,0.0,6.0,16.5,0.0
2018-01-31,0.0,3.9891159534454346,7.0,16.5,-3.9891159534454346
2018-02-01,1.5,0.0,7.0,22.5,1.5
2018-02-02,0.0,0.0,9.0,21.0,0.0
2018-02-03,0.0,1.7491176128387451,9.0,25.0,-1.7491176128387451
2018-02-04,0.0,0.0,9.0,23.0,0.0
2018-02-05,0.0,0.0,9.0,27.5,0.0
2018-02-06,0.0,0.0,8.0,26.5,0.0
2018-02-07,0.0,0.0,8.5,24.0,0.0
2018-02-08,6.5,0.0,10.5,23.0,6.5
2018-02-09,4.3,5.792103290557861,10.0,16.0,-1.4921032905578615
2018-02-10,0.0,2.3168413639068604,9.0,20.0,-2.3168413639068604
2018-02-11,0.0,0.0,8.0,20.0,0.0
2018-02-12,0.0,0.0,9.0,25.0,0.0
2018-02-13,0.0,0.0,9.0,26.0,0.0
2018-02-14,0.0,0.0,9.5,26.0,0.0
2018-02-15,0.0,0.0,10.0,26.0,0.0
2018-02-16,0.0,0.0,10.0,26.0,0.0
2018-02-17,0.0,0.0,10.0,28.5,0.0
2018-02-18,0.0,0.0,10.5,29.0,0.0
2018-02-19,0.0,0.0,11.0,26.0,0.0
2018-02-20,0.0,0.3144633769989013,7.5,26.0,-0.3144633769989013
2018-02-21,0.0,0.0,8.0,27.0,0.0
2018-02-22,0.0,0.0,8.0,27.0,0.0
2018-02-23,0.0,0.0,8.0,28.0,0.0
2018-02-24,0.0,0.0,9.0,27.5,0.0
2018-02-25,0.0,0.0,10.0,27.5,0.0
2018-02-26,0.0,0.0,9.0,28.0,0.0
2018-02-27,0.0,0.0,9.5,28.5,0.0
2018-02-28,0.0,0.0,10.5,28.5,0.0
2018-03-01,0.0,0.0,10.0,29.0,0.0
2018-03-02,0.0,0.0,10.0,30.0,0.0
2018-03-03,0.0,0.0,9.0,30.0,0.0
2018-03-04,0.0,0.0,10.0,29.0,0.0
2018-03-05,0.0,0.0,10.0,29.0,0.0
2018-03-06,0.0,0.0,9.5,29.5,0.0
2018-03-07,0.0,0.0,9.0,29.0,0.0
2018-03-08,0.0,0.0,11.0,29.5,0.0
2018-03-09,0.0,0.0,13.0,29.0,0.0
2018-03-10,0.0,0.0,11.0,31.0,0.0
2018-03-11,0.0,0.0,9.0,32.0,0.0
2018-03-12,0.0,0.0,9.0,33.0,0.0
2018-03-13,0.0,0.0,9.0,32.0,0.0
2018-03-14,0.0,0.0,10.0,30.0,0.0
2018-03-15,0.0,0.0,9.0,30.0,0.0
2018-03-16,0.0,0.0,8.0,29.5,0.0
2018-03-17,0.0,0.0,10.0,30.0,0.0
2018-03-18,0.0,0.0,9.5,32.0,0.0
2018-03-19,0.0,0.0,10.0,32.0,0.0
2018-03-20,0.0,0.0,9.0,33.0,0.0
2018-03-21,0.0,0.0,9.0,33.0,0.0
2018-03-22,0.0,0.0,8.0,32.5,0.0
2018-03-23,0.0,0.0,11.0,,0.0
2018-03-27,0.0,0.0,,31.0,0.0
2018-03-28,0.0,0.0,11.0,30.0,0.0
2018-04-01,0.0,0.0,9.0,31.0,0.0
2018-04-02,0.0,0.0,10.5,31.0,0.0
2018-04-03,0.0,0.0,11.0,31.0,0.0
2018-04-04,0.0,0.0,8.5,31.0,0.0
2018-04-05,0.0,0.0,10.0,31.0,0.0
2018-04-06,0.0,0.0,9.0,31.0,0.0
2018-04-07,0.0,0.0,9.0,31.0,0.0
2018-04-08,0.0,0.0,8.0,30.0,0.0
2018-04-09,0.0,0.0,9.0,31.0,0.0
2018-04-10,0.0,0.0,9.0,31.0,0.0
2018-04-11,0.0,0.0,8.0,30.0,0.0
2018-04-12,0.0,0.0,8.0,29.0,0.0
2018-04-13,0.0,0.0,8.0,30.0,0.0
2018-04-14,0.0,0.0,10.0,30.0,0.0
2018-04-15,0.0,0.0,10.0,29.5,0.0
2018-04-16,0.0,0.0,11.0,28.5,0.0
2018-04-17,0.0,0.0,11.0,31.0,0.0
2018-04-18,0.0,0.0,8.5,32.0,0.0
2018-04-19,0.0,0.0,9.0,34.0,0.0
2018-04-20,0.0,0.0,11.0,32.5,0.0
2018-04-21,,0.0,15.0,,
2018-04-24,0.0,0.0,,34.0,0.0
2018-04-25,0.0,0.0,12.5,33.0,0.0
2018-04-26,0.0,0.0,11.5,33.0,0.0
2018-04-27,0.0,0.0,12.0,32.5,0.0
2018-04-28,0.0,0.0,11.5,33.0,0.0
2018-04-29,0.0,0.0,10.0,32.0,0.0
2018-04-30,10.0,2.406738042831421,13.0,32.0,7.593261957168579
2018-05-01,8.5,0.0,12.0,31.0,8.5
2018-05-02,0.0,0.0,12.5,31.0,0.0
2018-05-03,0.0,7.784419059753418,13.0,32.0,-7.784419059753418
2018-05-04,0.0,0.0,13.0,32.0,0.0
2018-05-05,20.0,0.0,15.0,31.0,20.0
2018-05-06,6.5,19.089399337768555,15.0,26.0,-12.589399337768555
2018-05-07,12.0,4.772349834442139,15.0,28.0,7.227650165557861
2018-05-08,0.0,9.544699668884276,13.0,26.0,-9.544699668884276
2018-05-09,0.0,4.772349834442139,14.0,30.0,-4.772349834442139
2018-05-10,2.0,4.772349834442139,13.0,30.0,-2.7723498344421387
2018-05-11,0.0,10.164703369140623,10.5,28.0,-10.164703369140623
2018-05-12,0.0,0.0,12.0,29.0,0.0
2018-05-13,22.0,0.0,14.0,30.0,22.0
2018-05-14,0.0,10.164703369140623,15.0,29.0,-10.164703369140623
2018-05-15,0.0,0.0,15.0,30.0,0.0
2018-05-16,0.0,0.0,16.0,32.0,0.0
2018-05-17,0.0,0.0,17.0,31.5,0.0
2018-05-18,0.0,0.0,17.0,32.5,0.0
2018-05-19,0.0,0.0,17.0,32.0,0.0
2018-05-20,0.0,0.0,12.0,31.5,0.0
2018-05-21,0.0,0.0,13.5,31.0,0.0
2018-05-22,0.0,0.0,17.0,31.0,0.0
2018-05-23,0.0,0.0,12.5,33.0,0.0
2018-05-24,0.0,0.0,15.0,33.5,0.0
2018-05-25,0.0,0.0,15.5,34.0,0.0
2018-05-26,0.0,0.0,17.5,34.0,0.0
2018-05-27,0.0,0.0,18.0,34.0,0.0
2018-05-28,4.0,0.0,18.0,34.0,4.0
2018-05-29,11.0,2.72285532951355,17.0,34.0,8.27714467048645
2018-05-30,1.0,5.4457106590271,18.0,36.0,-4.4457106590271
2018-05-31,0.0,0.0,13.0,35.0,0.0
2018-06-01,0.0,0.0,17.5,34.0,0.0
2018-06-02,0.0,0.0,18.0,34.0,0.0
2018-06-03,0.0,0.0,14.5,32.0,0.0
2018-06-04,0.0,0.0,16.0,32.5,0.0
2018-06-05,0.0,0.0,17.5,32.0,0.0
2018-06-06,0.0,0.0,17.0,32.5,0.0
2018-06-07,43.0,9.506721496582031,18.0,31.0,33.49327850341797
2018-06-08,0.0,0.0,15.0,30.0,0.0
2018-06-09,0.0,9.506721496582031,11.5,30.0,-9.506721496582031
2018-06-10,16.0,9.506721496582031,13.0,30.0,6.493278503417969
2018-06-11,0.3,9.378084182739258,16.0,26.0,-9.078084182739257
2018-06-12,5.5,14.067127227783203,16.0,27.0,-8.567127227783203
2018-06-13,9.5,0.0,16.0,25.0,9.5
2018-06-14,15.5,0.0,16.0,28.0,15.5
2018-06-15,0.0,0.0,16.0,27.0,0.0
2018-06-16,10.1,0.0,15.0,29.0,10.1
2018-06-17,2.5,10.174748420715332,15.5,27.0,-7.674748420715332
2018-06-18,32.0,10.174748420715332,16.0,26.0,21.825251579284668
2018-06-19,24.0,30.524246215820312,15.5,27.0,-6.5242462158203125
2018-06-20,1.0,10.174748420715332,16.0,23.0,-9.174748420715332
2018-06-21,7.0,11.377437591552734,15.0,26.0,-4.377437591552734
2018-06-22,0.0,22.75487518310547,15.5,24.0,-22.75487518310547
2018-06-23,0.0,0.0,14.0,25.0,0.0
2018-06-24,4.5,0.0,15.0,26.0,4.5
2018-06-25,20.0,0.0,15.0,27.0,20.0
2018-06-26,4.5,26.38313102722168,14.0,25.0,-21.88313102722168
2018-06-27,0.0,17.588754653930664,15.0,26.0,-17.588754653930664
2018-06-28,10.5,0.0,15.5,25.0,10.5
2018-06-29,0.0,35.17750930786133,14.0,24.0,-35.17750930786133
2018-06-30,0.0,0.0,14.0,24.0,0.0
2018-07-01,15.5,0.0,15.0,26.5,15.5
2018-07-02,0.0,25.728412628173828,16.0,27.0,-25.728412628173828
2018-07-03,3.0,0.0,15.0,26.0,3.0
2018-07-04,32.0,0.0,16.0,27.0,32.0
2018-07-05,0.0,0.0,15.0,27.0,0.0
2018-07-06,2.0,0.0,14.5,26.0,2.0
2018-07-07,5.0,0.0,16.0,26.0,5.0
2018-07-08,38.0,11.882905006408691,16.0,26.0,26.11709499359131
2018-07-09,18.0,15.843873977661133,15.0,25.0,2.156126022338867
2018-07-10,5.5,0.0,15.0,24.0,5.5
2018-07-11,16.5,7.646517276763916,14.0,25.5,8.853482723236084
2018-07-12,0.0,3.823258638381958,14.0,27.0,-3.823258638381958
2018-07-13,0.0,3.823258638381958,13.5,27.0,-3.823258638381958
2018-07-14,15.0,0.0,14.0,27.0,15.0
2018-07-15,13.5,7.646517276763916,15.5,24.5,5.853482723236084
2018-07-16,0.0,10.592447280883787,15.0,25.0,-10.592447280883787
2018-07-17,8.0,5.296223640441895,14.0,24.0,2.7037763595581046
2018-07-18,0.0,0.0,14.0,26.0,0.0
2018-07-19,0.0,5.296223640441895,15.0,26.5,-5.296223640441895
2018-07-20,11.0,0.0,15.0,25.0,11.0
2018-07-21,1.5,16.096328735351562,15.0,24.0,-14.596328735351562
2018-07-22,0.0,0.0,15.0,28.0,0.0
2018-07-23,0.0,0.0,15.0,29.5,0.0
2018-07-24,20.0,0.0,17.0,33.0,20.0
2018-07-25,0.0,5.365443229675293,14.0,28.0,-5.365443229675293
2018-07-26,0.0,0.0,16.5,27.0,0.0
2018-07-27,1.0,9.174477577209473,15.0,27.5,-8.174477577209473
2018-07-28,3.0,9.174477577209473,15.0,28.0,-6.174477577209473
2018-07-29,0.0,9.174477577209473,13.0,26.0,-9.174477577209473
2018-07-30,2.5,0.0,15.0,28.5,2.5
2018-07-31,23.0,9.174477577209473,15.0,28.0,13.825522422790527
2018-08-01,0.5,10.2318754196167,,27.0,-9.7318754196167
2018-08-02,,0.0,14.0,,
2018-08-05,0.0,5.11593770980835,,27.0,-5.11593770980835
2018-08-06,18.5,0.0,14.0,26.5,18.5
2018-08-07,0.3,16.68610382080078,14.5,29.0,-16.38610382080078
2018-08-08,,8.34305191040039,15.0,,
2018-08-09,5.2,8.34305191040039,,26.0,-3.1430519104003904
2018-08-10,17.0,16.68610382080078,13.0,26.0,0.31389617919921875
2018-08-11,,13.680885314941406,14.0,,
2018-08-12,20.0,0.0,,27.0,20.0
2018-08-13,20.3,20.52132797241211,14.0,25.0,-0.22132797241210866
2018-08-14,0.2,6.840442657470703,15.0,24.0,-6.640442657470703
2018-08-15,6.5,6.840442657470703,15.0,26.0,-0.3404426574707031
2018-08-16,0.3,8.265653610229492,14.5,25.5,-7.965653610229492
2018-08-17,12.0,3.2904648780822754,14.5,27.0,8.709535121917725
2018-08-18,,1.3867862224578855,15.0,,
2018-08-19,0.0,1.527692437171936,,27.0,-1.527692437171936
2018-08-20,28.0,9.01209545135498,16.0,28.0,18.98790454864502
2018-08-21,,15.43272876739502,15.5,,
2018-08-23,3.0,0.0,,26.0,3.0
2018-08-24,19.0,10.288485527038574,15.0,27.0,8.711514472961426
2018-08-25,4.0,0.0,14.0,25.0,4.0
2018-08-26,10.0,5.2407708168029785,15.0,26.0,4.7592291831970215
2018-08-27,0.0,10.481541633605955,15.0,26.0,-10.481541633605955
2018-08-28,,5.2407708168029785,15.0,,
2018-08-31,3.0,10.481541633605955,,26.0,-7.481541633605955
2018-09-01,17.0,3.7723031044006334,15.0,26.0,13.227696895599367
2018-09-02,12.0,0.0,15.0,27.0,12.0
2018-09-03,4.5,11.316909790039062,16.0,26.0,-6.8169097900390625
2018-09-04,16.5,3.7723031044006334,14.0,27.0,12.727696895599367
2018-09-05,0.0,7.544606208801269,15.0,25.0,-7.544606208801269
2018-09-06,16.0,16.466867446899414,15.0,24.0,-0.46686744689941406
2018-09-07,0.0,0.0,14.5,26.5,0.0
2018-09-08,0.0,0.0,14.5,26.0,0.0
2018-09-09,1.0,0.0,15.0,25.0,1.0
2018-09-10,0.0,16.466867446899414,15.0,26.0,-16.466867446899414
2018-09-11,0.0,9.485800743103027,15.0,26.5,-9.485800743103027
2018-09-12,13.0,0.0,15.0,27.0,13.0
2018-09-13,6.5,28.45740127563477,15.0,24.0,-21.95740127563477
2018-09-14,12.0,9.485800743103027,15.0,26.5,2.5141992568969727
2018-09-15,5.0,28.45740127563477,16.0,26.0,-23.45740127563477
2018-09-16,2.0,0.0,15.0,25.0,2.0
2018-09-17,0.3,5.949588298797607,15.0,26.0,-5.649588298797608
2018-09-18,37.0,11.899176597595217,14.5,25.0,25.100823402404785
2018-09-19,38.0,5.949588298797607,14.0,25.5,32.05041170120239
2018-09-20,5.0,5.949588298797607,13.0,26.0,-0.9495882987976074
2018-09-21,7.0,9.092510223388672,15.0,27.0,-2.092510223388672
2018-09-22,27.0,0.0,15.0,27.0,27.0
2018-09-23,0.0,18.185020446777344,15.0,27.5,-18.185020446777344
2018-09-24,11.0,9.092510223388672,15.0,27.0,1.9074897766113281
2018-09-25,7.0,0.0,15.0,28.0,7.0
2018-09-26,24.0,14.645943641662598,14.5,25.5,9.354056358337402
2018-09-27,17.0,14.645943641662598,15.5,25.0,2.3540563583374023
2018-09-28,3.0,14.645943641662598,14.0,26.0,-11.645943641662598
2018-09-29,18.5,14.645943641662598,15.0,26.0,3.8540563583374023
2018-09-30,1.5,0.0,15.0,15.0,1.5
2018-10-01,2.5,0.0,14.0,25.0,2.5
2018-10-02,0.3,0.0,13.5,25.0,0.3
2018-10-03,7.5,0.0,13.0,26.0,7.5
2018-10-04,1.0,20.32906150817871,13.5,25.0,-19.32906150817871
2018-10-05,0.0,0.0,14.0,26.5,0.0
2018-10-06,21.0,0.0,15.0,26.0,21.0
2018-10-07,23.0,0.0,14.0,27.0,23.0
2018-10-08,0.2,0.0,14.0,24.0,0.2
2018-10-09,0.0,0.0,12.0,26.0,0.0
2018-10-10,0.0,0.0,11.5,26.5,0.0
2018-10-11,1.5,0.0,10.5,26.0,1.5
2018-10-12,0.0,9.52029037475586,10.0,27.5,-9.52029037475586
2018-10-13,1.8,0.0,13.5,26.5,1.8
2018-10-14,0.0,0.0,15.5,26.0,0.0
2018-10-15,1.0,0.0,16.0,25.5,1.0
2018-10-16,5.0,6.330812454223633,16.5,26.0,-1.3308124542236328
2018-10-17,0.0,2.110270977020264,15.0,25.0,-2.110270977020264
2018-10-18,0.0,2.110270977020264,14.0,26.0,-2.110270977020264
2018-10-19,0.0,0.0,14.0,26.0,0.0
2018-10-20,0.0,0.0,14.0,25.0,0.0
2018-10-21,6.5,0.0,14.0,25.5,6.5
2018-10-22,0.0,0.0,14.0,26.0,0.0
2018-10-23,0.2,28.088003158569336,14.5,26.5,-27.888003158569337
2018-10-24,0.0,0.0,15.0,24.5,0.0
2018-10-25,0.1,0.0,14.5,25.0,0.1
2018-10-26,0.0,0.0,13.5,25.5,0.0
2018-10-27,1.0,0.0,14.0,26.0,1.0
2018-10-28,0.0,0.0,13.0,26.5,0.0
2018-10-29,0.0,0.0,12.5,26.0,0.0
2018-10-30,0.2,0.0,12.0,26.0,0.2
2018-10-31,0.0,0.0,12.0,26.5,0.0
2018-11-01,0.0,0.0,13.5,26.0,0.0
2018-11-02,0.0,0.0,15.5,25.0,0.0
2018-11-03,0.0,3.080571174621582,15.0,23.0,-3.080571174621582
2018-11-04,8.0,12.322284698486328,13.0,22.5,-4.322284698486328
2018-11-05,0.0,9.241713523864746,13.0,26.0,-9.241713523864746
2018-11-06,0.0,0.0,14.0,26.0,0.0
2018-11-07,0.0,0.0,13.0,27.0,0.0
2018-11-08,0.0,0.0,10.0,27.0,0.0
2018-11-09,0.0,0.0,10.5,27.0,0.0
2018-11-10,0.0,0.0,13.0,27.0,0.0
2018-11-11,0.0,0.0,12.0,27.5,0.0
2018-11-12,0.0,0.0,11.0,27.5,0.0
2018-11-13,0.2,0.0,11.0,13.0,0.2
2018-11-14,0.0,0.0,6.0,17.5,0.0
2018-11-15,0.0,0.0,5.0,22.0,0.0
2018-11-16,0.0,0.0,5.0,22.5,0.0
2018-11-17,0.0,0.0,5.0,23.5,0.0
2018-11-18,0.0,0.0,6.5,26.0,0.0
2018-11-19,0.0,0.0,7.0,26.0,0.0
2018-11-20,0.0,0.0,8.0,26.0,0.0
2018-11-21,0.0,2.2727694511413574,8.5,27.0,-2.2727694511413574
2018-11-22,0.0,0.0,8.5,28.0,0.0
2018-11-23,0.0,0.0,8.0,27.0,0.0
2018-11-24,0.0,0.0,8.0,27.5,0.0
2018-11-25,0.0,0.0,8.0,25.0,0.0
2018-11-26,0.0,0.0,7.5,26.0,0.0
2018-11-27,6.0,0.0,8.0,24.0,6.0
2018-11-28,23.0,0.0,7.0,29.0,23.0
2018-11-29,0.0,0.0,9.5,25.0,0.0
2018-11-30,0.0,0.0,9.5,25.0,0.0
2018-12-01,0.0,0.0,6.0,23.0,0.0
2018-12-02,0.0,0.0,6.5,25.0,0.0
2018-12-03,0.0,0.0,7.0,25.0,0.0
2018-12-04,0.0,0.0,6.0,25.5,0.0
2018-12-05,3.0,0.0,8.0,25.0,3.0
2018-12-06,0.0,0.0,11.0,24.0,0.0
2018-12-07,0.0,0.0,11.0,25.0,0.0
2018-12-08,0.0,0.0,11.0,25.0,0.0
2018-12-09,0.0,0.0,11.0,25.0,0.0
2018-12-10,0.0,0.0,10.0,25.0,0.0
2018-12-11,0.0,0.0,8.5,24.0,0.0
2018-12-12,0.0,0.0,8.0,20.0,0.0
2018-12-13,0.0,0.0,6.0,22.0,0.0
2018-12-14,0.0,0.0,6.5,19.0,0.0
2018-12-15,0.0,0.0,2.0,21.0,0.0
2018-12-16,0.0,0.0,4.0,21.0,0.0
2018-12-17,0.0,0.0,5.0,24.0,0.0
2018-12-18,0.0,0.0,6.0,23.0,0.0
2018-12-19,0.0,0.0,4.5,22.0,0.0
2018-12-20,0.0,0.0,1.5,21.0,0.0
2018-12-21,0.0,0.0,4.0,22.0,0.0
2018-12-22,0.0,7.750075496915088e-07,1.5,22.5,-7.750075496915088e-07
2018-12-23,0.0,0.0,2.0,22.0,0.0
2018-12-24,0.0,0.0,2.0,27.0,0.0
2018-12-25,0.0,1.0713495016098022,2.0,23.0,-1.0713495016098022
2018-12-26,0.0,0.0,4.0,24.0,0.0
2018-12-27,0.0,0.7144927382469177,7.0,18.0,-0.7144927382469177
2018-12-28,0.0,0.7144927382469177,6.0,19.0,-0.7144927382469177
2018-12-29,0.0,0.7144927382469177,6.5,22.0,-0.7144927382469177
2018-12-30,0.0,0.0,6.0,23.0,0.0
2018-12-31,0.0,0.7144927382469177,7.5,22.5,-0.7144927382469177
2019-01-01,0.0,10.366652488708496,10.0,22.0,-10.366652488708496
2019-01-02,0.0,0.0,7.0,22.0,0.0
2019-01-03,0.0,0.0,7.0,23.0,0.0
2019-01-04,0.0,0.0,7.5,25.0,0.0
2019-01-05,0.0,0.0,9.0,25.0,0.0
2019-01-06,0.0,0.0,8.0,26.0,0.0
2019-01-07,0.0,0.0,8.0,23.0,0.0
2019-01-08,0.0,0.0,9.0,26.0,0.0
2019-01-09,0.0,0.0,4.5,25.0,0.0
2019-01-10,0.0,0.0,9.0,25.0,0.0
2019-01-11,0.0,0.0,8.0,26.0,0.0
2019-01-12,4.8,0.0,7.0,24.0,4.8
2019-01-13,0.0,0.0,5.5,24.0,0.0
2019-01-14,6.8,0.0,6.5,22.0,6.8
2019-01-15,0.0,0.0,11.5,18.0,0.0
2019-01-16,1.5,0.0,8.5,21.0,1.5
2019-01-17,0.0,0.0,11.0,25.0,0.0
2019-01-18,0.0,0.0,6.0,,0.0
2019-01-19,0.0,0.0,,,0.0
2019-01-20,0.0,0.0,,,0.0
2019-01-21,1.5,0.0,,26.0,1.5
2019-01-22,0.0,0.0,6.5,25.0,0.0
2019-01-23,0.0,0.0,7.0,25.0,0.0
2019-01-24,0.0,0.0,6.0,25.0,0.0
2019-01-25,0.0,0.0,8.0,,0.0
2019-01-26,0.0,0.0,,,0.0
2019-01-27,0.0,0.0,,,0.0
2019-01-28,0.0,0.0,,,0.0
2019-01-29,0.0,0.0,,25.0,0.0
2019-01-30,0.0,0.0,7.0,24.0,0.0
2019-01-31,0.0,0.0,6.0,24.0,0.0
2019-02-01,0.0,0.0,6.0,24.0,0.0
2019-02-02,0.0,0.0,6.5,26.0,0.0
2019-02-03,0.0,0.0,6.0,25.0,0.0
2019-02-04,0.0,0.0,5.5,27.0,0.0
2019-02-05,0.0,0.0,5.0,25.0,0.0
2019-02-06,0.0,0.0,7.5,28.0,0.0
2019-02-07,0.0,0.0,6.5,28.5,0.0
2019-02-08,0.0,0.0,9.0,27.0,0.0
2019-02-09,0.0,0.0,10.0,27.0,0.0
2019-02-10,0.0,0.0,10.0,27.0,0.0
2019-02-11,0.0,0.0,10.0,25.0,0.0
2019-02-12,0.0,0.0,10.0,26.0,0.0
2019-02-13,0.0,0.0,11.0,27.0,0.0
2019-02-14,0.0,0.0,10.0,27.0,0.0
2019-02-15,0.0,0.0,8.0,28.5,0.0
2019-02-16,0.0,0.0,9.5,29.0,0.0
2019-02-17,0.0,0.0,11.0,31.0,0.0
2019-02-18,0.0,0.0,9.0,28.5,0.0
2019-02-19,0.0,0.0,9.0,29.0,0.0
2019-02-20,0.0,0.0,9.5,28.0,0.0
2019-02-21,0.0,0.0,10.5,28.0,0.0
2019-02-22,1.0,0.0,10.0,27.0,1.0
2019-02-23,0.0,1.3125041723251345,10.0,26.0,-1.3125041723251345
2019-02-24,0.0,0.0,8.0,30.0,0.0
2019-02-25,0.0,0.0,11.0,29.0,0.0
2019-02-26,0.0,0.0,9.5,30.0,0.0
2019-02-27,0.0,0.0,9.0,30.5,0.0
2019-02-28,0.0,0.0,8.5,31.0,0.0
2019-03-01,0.0,0.0,9.0,31.0,0.0
2019-03-02,0.0,0.0,9.0,31.0,0.0
2019-03-03,0.0,0.0,9.0,31.5,0.0
2019-03-04,0.0,0.0,10.0,31.5,0.0
2019-03-05,0.0,0.0,11.0,32.0,0.0
2019-03-06,0.0,0.0,10.5,32.0,0.0
2019-03-07,0.0,0.0,10.0,31.5,0.0
2019-03-08,0.0,0.0,10.0,32.0,0.0
2019-03-09,0.0,0.0,10.0,32.0,0.0
2019-03-10,0.0,0.0,11.0,32.0,0.0
2019-03-11,0.0,0.0,9.0,32.0,0.0
2019-03-12,0.0,0.0,10.0,32.0,0.0
2019-03-13,0.0,0.0,12.0,28.0,0.0
2019-03-14,0.0,0.0,9.5,29.0,0.0
2019-03-15,0.0,0.0,9.5,27.0,0.0
2019-03-16,0.0,0.0,10.0,29.0,0.0
2019-03-17,0.0,0.0,12.0,26.0,0.0
2019-03-18,0.0,0.0,10.0,27.0,0.0
2019-03-19,0.0,0.0,8.0,28.0,0.0
2019-03-20,0.0,0.0,9.0,28.0,0.0
2019-03-21,0.0,0.0,8.0,27.0,0.0
2019-03-22,0.0,0.0,9.5,28.0,0.0
2019-03-23,0.0,0.0,8.5,28.5,0.0
2019-03-24,0.0,0.0,8.5,30.0,0.0
2019-03-25,0.0,0.0,10.0,32.0,0.0
2019-03-26,0.0,0.0,12.0,32.0,0.0
2019-03-27,0.0,0.0,11.5,31.0,0.0
2019-03-28,0.0,0.0,11.0,32.0,0.0
2019-03-29,0.0,0.0,11.0,32.0,0.0
2019-03-30,0.0,0.0,14.0,33.0,0.0
2019-03-31,0.0,0.0,11.5,32.5,0.0
2019-04-01,0.0,0.0,10.5,32.0,0.0
2019-04-02,0.0,0.0,10.0,31.0,0.0
2019-04-03,0.0,0.0,11.5,29.0,0.0
2019-04-04,0.0,0.0,11.0,32.0,0.0
2019-04-05,0.0,0.0,11.0,31.0,0.0
2019-04-06,0.0,0.883652925491333,11.5,31.0,-0.883652925491333
2019-04-07,0.0,0.0,11.0,31.0,0.0
2019-04-08,0.0,0.0,8.0,30.0,0.0
2019-04-09,0.0,0.0,11.0,30.0,0.0
2019-04-10,0.0,0.0,11.0,31.0,0.0
2019-04-11,0.0,0.0,9.0,32.5,0.0
2019-04-12,0.0,0.0,11.0,28.5,0.0
2019-04-13,0.0,0.0,10.5,29.0,0.0
2019-04-14,0.0,0.0,10.5,31.0,0.0
2019-04-15,0.0,0.0,8.0,30.0,0.0
2019-04-16,0.0,0.0,11.5,30.5,0.0
2019-04-17,0.0,0.0,10.0,30.0,0.0
2019-04-18,0.0,0.0,9.0,31.0,0.0
2019-04-19,0.0,0.0,10.0,32.0,0.0
2019-04-20,0.0,0.0,9.5,33.0,0.0
2019-04-21,0.0,0.052128791809082,10.0,33.0,-0.052128791809082
2019-04-22,0.0,0.1693453341722488,10.0,32.0,-0.1693453341722488
2019-04-23,0.0,0.6737169027328491,10.0,32.0,-0.6737169027328491
2019-04-24,0.0,3.7375709780462793e-06,10.0,29.0,-3.7375709780462793e-06
2019-04-25,0.0,0.0,8.0,31.0,0.0
2019-04-26,0.0,0.0,12.0,31.0,0.0
2019-04-27,0.0,0.0,12.0,33.0,0.0
2019-04-28,0.0,1.139705777168274,9.0,33.0,-1.139705777168274
2019-04-29,0.0,0.0,9.0,32.0,0.0
2019-04-30,0.0,0.0,9.0,31.5,0.0
2019-05-01,0.0,0.0,13.0,30.0,0.0
2019-05-02,0.0,0.0,11.0,30.0,0.0
2019-05-03,0.0,0.0,14.0,32.5,0.0
2019-05-04,0.0,0.0,15.0,32.5,0.0
2019-05-05,0.0,0.0,12.0,29.5,0.0
2019-05-06,0.0,0.0,12.0,31.0,0.0
2019-05-07,0.0,0.0,11.5,31.0,0.0
2019-05-08,0.0,0.0,11.5,31.0,0.0
2019-05-09,0.0,0.0,10.0,32.0,0.0
2019-05-10,0.0,0.0,10.0,32.0,0.0
2019-05-11,0.0,0.0,11.0,31.0,0.0
2019-05-12,0.0,0.0,11.0,33.0,0.0
2019-05-13,0.0,0.0,10.5,32.0,0.0
2019-05-14,0.0,0.0,12.0,33.0,0.0
2019-05-15,0.0,0.0,12.0,32.0,0.0
2019-05-16,0.0,0.0,12.0,33.5,0.0
2019-05-17,0.0,0.0,12.5,32.0,0.0
2019-05-18,0.0,0.0,13.0,33.5,0.0
2019-05-19,0.0,0.0,12.0,34.0,0.0
2019-05-20,0.0,0.0,13.5,34.0,0.0
2019-05-21,0.0,0.0,13.5,34.0,0.0
2019-05-22,0.0,0.0,13.5,34.0,0.0
2019-05-23,0.0,0.0,13.5,34.0,0.0
2019-05-24,0.0,0.0,13.5,34.0,0.0
2019-05-25,0.0,0.0,12.5,32.5,0.0
2019-05-26,0.0,0.0,13.0,33.5,0.0
2019-05-27,0.0,0.0,14.0,32.0,0.0
2019-05-28,0.0,6.013351440429688,18.5,32.5,-6.013351440429688
2019-05-29,0.0,0.0,17.0,32.5,0.0
2019-05-30,0.0,0.0,17.0,34.0,0.0
2019-05-31,15.5,0.0,18.0,32.5,15.5
2019-06-01,0.0,4.49691104888916,17.0,32.0,-4.49691104888916
2019-06-02,13.0,8.99382209777832,17.0,31.0,4.00617790222168
2019-06-03,2.0,13.49073314666748,17.5,30.0,-11.49073314666748
2019-06-04,0.2,8.99382209777832,17.0,29.0,-8.793822097778321
2019-06-05,0.0,0.0,17.0,23.0,0.0
2019-06-06,0.0,0.0,18.0,30.0,0.0
2019-06-07,0.0,2.512513399124145,17.5,32.0,-2.512513399124145
2019-06-08,0.0,7.537540435791016,16.5,32.0,-7.537540435791016
2019-06-09,0.0,0.0,17.0,33.5,0.0
2019-06-10,0.0,0.0,15.0,33.0,0.0
2019-06-11,0.0,0.688791036605835,16.0,32.0,-0.688791036605835
2019-06-12,0.0,5.511378288269043,16.5,31.5,-5.511378288269043
2019-06-13,0.0,4.718634605407715,17.0,32.5,-4.718634605407715
2019-06-14,0.0,2.127065420150757,17.0,32.0,-2.127065420150757
2019-06-15,0.0,2.3470287322998047,16.0,32.5,-2.3470287322998047
2019-06-16,0.0,9.499298095703123,16.0,30.0,-9.499298095703123
2019-06-17,0.0,9.499298095703123,16.0,31.5,-9.499298095703123
2019-06-18,4.5,6.332865715026856,17.0,31.0,-1.8328657150268564
2019-06-19,3.0,0.0,15.5,27.0,3.0
2019-06-20,0.0,0.0,16.0,31.0,0.0
2019-06-21,0.0,2.7514243125915527,17.0,31.0,-2.7514243125915527
2019-06-22,0.0,2.7514243125915527,18.0,31.5,-2.7514243125915527
2019-06-23,0.0,0.0,16.0,31.5,0.0
2019-06-24,0.0,0.0,16.5,32.0,0.0
2019-06-25,0.0,0.0,16.0,24.0,0.0
2019-06-26,15.0,11.21782112121582,16.5,30.0,3.7821788787841797
2019-06-27,0.0,11.21782112121582,16.0,27.0,-11.21782112121582
2019-06-28,0.0,5.60891056060791,15.0,27.0,-5.60891056060791
2019-06-29,0.0,0.0,15.5,28.5,0.0
2019-06-30,14.0,16.826732635498047,16.0,29.0,-2.826732635498047
2019-07-01,12.2,0.0,14.0,27.5,12.2
2019-07-02,10.0,0.0,15.0,27.5,10.0
2019-07-03,0.0,7.664428234100342,15.0,27.0,-7.664428234100342
2019-07-04,5.8,0.0,14.5,28.0,5.8
2019-07-05,0.0,7.664428234100342,16.0,27.0,-7.664428234100342
2019-07-06,0.0,0.0,16.0,24.0,0.0
2019-07-07,0.0,0.0,13.0,30.0,0.0
2019-07-08,15.0,0.0,11.0,30.0,15.0
2019-07-09,0.0,15.00143051147461,11.0,30.0,-15.00143051147461
2019-07-10,0.0,15.00143051147461,11.0,30.0,-15.00143051147461
2019-07-11,14.0,22.07817649841309,11.0,30.0,-8.07817649841309
2019-07-12,3.0,7.359392166137695,9.0,25.0,-4.359392166137695
2019-07-13,23.0,0.0,10.0,25.0,23.0
2019-07-14,21.0,14.71878433227539,16.0,22.0,6.281215667724609
2019-07-15,0.0,14.71878433227539,16.0,25.0,-14.71878433227539
2019-07-16,7.8,7.785944938659668,10.0,27.5,0.014055061340331854
2019-07-17,13.0,0.0,11.0,27.0,13.0
2019-07-18,7.0,23.35783576965332,11.0,27.0,-16.35783576965332
2019-07-19,17.0,15.571889877319336,10.5,27.0,1.428110122680664
2019-07-20,27.0,7.785944938659668,10.0,26.0,19.214055061340332
2019-07-21,27.0,7.776925563812256,11.0,25.0,19.223074436187744
2019-07-22,15.1,7.776925563812256,11.0,26.5,7.323074436187744
2019-07-23,17.0,7.776925563812256,11.0,25.0,9.223074436187744
2019-07-24,3.0,7.776925563812256,13.5,23.0,-4.776925563812256
2019-07-25,4.0,15.553851127624512,11.0,24.0,-11.553851127624512
2019-07-26,9.8,0.0,10.0,24.0,9.8
2019-07-27,6.0,0.0,11.0,26.0,6.0
2019-07-28,29.0,0.0,13.0,26.0,29.0
2019-07-29,5.7,8.594098091125488,13.0,26.0,-2.894098091125488
2019-07-30,0.0,17.188196182250977,14.0,24.0,-17.188196182250977
2019-07-31,6.5,8.594098091125488,11.0,27.0,-2.0940980911254883
2019-08-01,0.0,0.0,12.0,28.0,0.0
2019-08-02,0.0,0.0,11.0,27.0,0.0
2019-08-03,0.0,0.0,11.5,25.0,0.0
2019-08-04,0.0,10.384279251098633,11.0,29.0,-10.384279251098633
2019-08-05,2.0,0.0,11.0,26.0,2.0
2019-08-06,6.5,15.660178184509276,11.0,26.0,-9.160178184509276
2019-08-07,3.0,7.830089092254639,11.5,27.0,-4.830089092254639
2019-08-08,0.0,23.49026679992676,14.0,,-23.49026679992676
2019-08-09,40.0,0.0,14.0,,40.0
2019-08-10,12.0,15.660178184509276,14.0,,-3.6601781845092756
2019-08-11,0.0,19.468889236450195,13.5,,-19.468889236450195
2019-08-12,0.0,0.0,10.0,,0.0
2019-08-13,2.0,19.468889236450195,10.0,,-17.468889236450195
2019-08-14,2.0,0.0,11.0,,2.0
2019-08-15,4.0,9.734444618225098,13.5,27.5,-5.734444618225098
2019-08-16,0.2,5.099004745483398,15.0,27.0,-4.899004745483398
2019-08-17,0.0,0.0,16.0,27.0,0.0
2019-08-18,0.0,5.099004745483398,16.5,27.5,-5.099004745483398
2019-08-19,6.3,0.0,16.5,27.0,6.3
2019-08-20,0.0,5.099004745483398,16.5,27.0,-5.099004745483398
2019-08-21,0.0,0.0,16.5,27.5,0.0
2019-08-22,0.0,0.0,17.0,27.5,0.0
2019-08-23,0.0,0.0,17.0,27.0,0.0
2019-08-24,0.0,17.840038299560547,17.0,26.0,-17.840038299560547
2019-08-25,0.0,0.0,16.0,27.0,0.0
2019-08-26,0.0,5.483569145202637,16.0,28.0,-5.483569145202637
2019-08-27,20.0,5.483569145202637,14.0,27.0,14.516430854797363
2019-08-28,7.0,10.967138290405272,14.0,26.0,-3.9671382904052717
2019-08-29,0.0,5.483569145202637,14.0,27.0,-5.483569145202637
2019-08-30,4.0,0.0,14.0,27.0,4.0
2019-08-31,0.0,0.0,14.0,27.0,0.0
2019-09-01,0.0,0.0,13.5,27.5,0.0
2019-09-02,0.0,0.0,14.5,28.0,0.0
2019-09-03,0.0,9.272212028503418,14.5,27.0,-9.272212028503418
2019-09-04,0.0,0.0,15.5,29.0,0.0
2019-09-05,5.0,9.272212028503418,15.0,28.0,-4.272212028503418
2019-09-06,0.0,9.623261451721191,16.0,27.0,-9.623261451721191
2019-09-07,0.0,9.623261451721191,14.0,26.0,-9.623261451721191
2019-09-08,0.0,0.0,14.0,27.0,0.0
2019-09-09,13.0,0.0,14.0,27.0,13.0
2019-09-10,2.0,0.0,14.0,26.0,2.0
2019-09-11,4.0,4.979375839233398,14.0,26.0,-0.9793758392333984
2019-09-12,6.0,9.958751678466797,14.5,26.0,-3.958751678466797
2019-09-13,0.0,0.0,10.0,27.0,0.0
2019-09-14,0.0,0.0,11.0,27.0,0.0
2019-09-15,0.0,0.0,13.0,27.0,0.0
2019-09-16,0.0,0.0,15.0,27.0,0.0
2019-09-17,1.0,0.0,14.0,27.5,1.0
2019-09-18,0.0,5.938994407653809,15.0,27.0,-5.938994407653809
2019-09-19,0.0,0.0,15.0,27.0,0.0
2019-09-20,0.5,0.0,15.0,27.0,0.5
2019-09-21,0.0,8.084208488464355,15.0,27.0,-8.084208488464355
2019-09-22,6.5,0.0,16.0,28.0,6.5
2019-09-23,0.0,8.084208488464355,15.5,28.0,-8.084208488464355
2019-09-24,0.0,0.0,14.0,27.0,0.0
2019-09-25,0.0,0.0,16.0,27.0,0.0
2019-09-26,2.0,0.0,16.5,28.0,2.0
2019-09-27,0.0,27.199689865112305,12.0,28.0,-27.199689865112305
2019-09-28,18.0,0.0,13.0,27.0,18.0
2019-09-29,0.0,0.0,17.0,27.0,0.0
2019-09-30,0.0,0.0,16.5,27.0,0.0
2019-10-01,0.0,0.0,14.0,28.0,0.0
2019-10-02,0.0,10.894113540649414,14.0,26.0,-10.894113540649414
2019-10-03,0.0,10.894113540649414,14.0,27.0,-10.894113540649414
2019-10-04,1.0,0.0,14.5,27.0,1.0
2019-10-05,0.0,0.0,15.0,28.0,0.0
2019-10-06,0.0,0.0,15.0,28.0,0.0
2019-10-07,0.0,0.0,15.5,26.5,0.0
2019-10-08,0.0,0.0,13.0,26.0,0.0
2019-10-09,0.0,0.0,13.5,28.0,0.0
2019-10-10,0.0,0.0,10.0,21.0,0.0
2019-10-11,0.0,0.0,11.0,27.0,0.0
2019-10-12,4.0,2.9561474323272705,14.0,28.0,1.0438525676727295
2019-10-13,0.0,1.4780737161636353,15.0,28.0,-1.4780737161636353
2019-10-14,0.0,0.0,15.0,28.0,0.0
2019-10-15,0.0,0.0,14.5,28.0,0.0
2019-10-16,0.0,0.0,10.0,26.5,0.0
2019-10-17,0.0,3.255077362060547,11.0,27.0,-3.255077362060547
2019-10-18,2.5,0.0,13.0,25.0,2.5
2019-10-19,2.5,6.510154724121094,13.0,24.0,-4.010154724121094
2019-10-20,0.0,3.255077362060547,16.0,28.0,-3.255077362060547
2019-10-21,0.0,5.65735387802124,11.0,27.0,-5.65735387802124
2019-10-22,25.0,0.0,11.0,26.0,25.0
2019-10-23,0.0,5.65735387802124,12.0,25.0,-5.65735387802124
2019-10-24,0.0,0.0,12.5,26.0,0.0
2019-10-25,8.5,11.31470775604248,14.0,25.0,-2.8147077560424805
2019-10-26,7.5,0.0,13.0,23.0,7.5
2019-10-27,0.0,0.0,13.5,24.0,0.0
2019-10-28,0.0,0.0,10.0,25.5,0.0
2019-10-29,0.0,0.0,10.5,26.0,0.0
2019-10-30,0.0,0.0,14.5,27.0,0.0
2019-10-31,9.0,0.0,16.0,30.0,9.0
2019-11-01,0.0,9.745062828063965,12.5,26.0,-9.745062828063965
2019-11-02,9.0,4.872531414031982,12.5,25.0,4.127468585968018
2019-11-03,6.3,14.617592811584473,12.5,24.0,-8.317592811584472
2019-11-04,2.0,0.0,14.0,25.0,2.0
2019-11-05,0.0,4.872531414031982,14.0,25.0,-4.872531414031982
2019-11-06,0.0,2.75750732421875,14.5,26.0,-2.75750732421875
2019-11-07,0.0,0.0,15.0,26.0,0.0
2019-11-08,0.0,0.0,14.0,26.0,0.0
2019-11-09,0.0,0.0,13.0,26.0,0.0
2019-11-10,0.0,0.0,13.5,28.0,0.0
2019-11-11,4.0,1.1895686388015747,11.5,27.0,2.8104313611984253
2019-11-12,6.0,3.8130815029144287,12.0,26.0,2.1869184970855713
2019-11-13,0.0,1.614912986755371,13.0,22.0,-1.614912986755371
2019-11-14,0.0,0.3061839938163757,12.0,22.0,-0.3061839938163757
2019-11-15,0.0,1.1786445379257202,11.5,23.0,-1.1786445379257202
2019-11-16,0.0,0.0,11.0,23.0,0.0
2019-11-17,5.0,0.0,11.5,23.0,5.0
2019-11-18,0.2,4.147065162658691,12.0,24.0,-3.9470651626586912
2019-11-19,0.0,0.0,10.0,24.5,0.0
2019-11-20,0.0,0.0,11.0,25.0,0.0
2019-11-21,0.0,0.0,14.5,25.0,0.0
2019-11-22,0.0,0.0,11.0,27.0,0.0
2019-11-23,0.0,0.0,11.0,27.0,0.0
2019-11-24,0.0,0.0,12.0,24.0,0.0
2019-11-25,0.0,0.0,14.0,22.5,0.0
2019-11-26,0.0,0.0,12.0,22.5,0.0
2019-11-27,0.0,0.0,14.0,22.0,0.0
2019-11-28,0.0,0.0,14.0,22.0,0.0
2019-11-29,0.0,0.0,14.0,28.0,0.0
2019-11-30,0.0,0.0,10.0,26.0,0.0
2019-12-01,0.0,0.0,9.0,28.0,0.0
2019-12-02,0.0,0.0,12.0,27.0,0.0
2019-12-03,0.0,0.0,13.0,28.0,0.0
2019-12-04,0.0,0.0,10.0,26.0,0.0
2019-12-05,0.0,0.0,9.0,26.0,0.0
2019-12-06,0.0,0.0,8.0,27.0,0.0
2019-12-07,0.0,0.0,8.0,26.0,0.0
2019-12-08,0.0,0.0,7.5,25.5,0.0
2019-12-09,0.0,0.0,7.5,25.0,0.0
2019-12-10,0.0,0.0,8.0,25.0,0.0
2019-12-11,0.0,0.0,6.5,25.0,0.0
2019-12-12,0.0,0.0,9.0,25.0,0.0
2019-12-13,0.0,0.0,7.0,25.0,0.0
2019-12-14,0.0,0.0,5.0,25.0,0.0
2019-12-15,0.0,0.0,6.0,26.5,0.0
2019-12-16,0.0,0.0,6.0,24.0,0.0
2019-12-17,0.0,0.0,6.5,25.0,0.0
2019-12-18,0.0,0.0,8.0,25.0,0.0
2019-12-19,0.0,0.0,7.0,25.0,0.0
2019-12-20,1.0,2.5708396434783936,7.5,24.0,-1.5708396434783936
2019-12-21,0.0,0.0,10.0,25.0,0.0
2019-12-22,0.0,0.0,7.0,25.0,0.0
2019-12-23,0.0,0.0,7.0,27.0,0.0
2019-12-24,0.0,0.0,7.0,24.0,0.0
2019-12-25,0.0,0.0,7.0,24.0,0.0
2019-12-26,0.0,0.0,7.0,25.0,0.0
2019-12-27,0.0,0.0,7.5,24.5,0.0
2019-12-28,0.0,0.0,9.5,25.0,0.0
2019-12-29,0.0,2.475671529769897,7.0,31.0,-2.475671529769897
2019-12-30,0.0,0.0,6.5,24.0,0.0
2019-12-31,0.1,0.0,8.0,25.0,0.1
2020-01-01,16.0,6.331569194793701,12.5,20.0,9.668430805206299
2020-01-02,3.5,9.497353553771973,10.0,18.5,-5.997353553771973
2020-01-03,0.0,0.0,3.0,21.0,0.0
2020-01-04,0.1,0.0,4.5,21.5,0.1
2020-01-05,0.0,0.0,5.0,22.0,0.0
2020-01-06,0.0,0.0,3.5,23.0,0.0
2020-01-07,0.0,0.0,4.0,24.0,0.0
2020-01-08,0.0,0.0,7.0,25.0,0.0
2020-01-09,0.0,0.0,6.0,25.5,0.0
2020-01-10,0.0,0.0,6.0,25.0,0.0
2020-01-11,0.0,0.0,8.0,26.0,0.0
2020-01-12,0.0,1.3860962390899658,7.0,26.0,-1.3860962390899658
2020-01-13,0.0,0.0,6.5,27.0,0.0
2020-01-14,0.0,0.0,8.5,27.0,0.0
2020-01-15,0.0,0.0,8.5,27.0,0.0
2020-01-16,0.0,0.0,10.0,27.0,0.0
2020-01-17,0.0,0.0,11.5,25.0,0.0
2020-01-18,0.0,0.0,6.0,29.0,0.0
2020-01-19,0.0,0.0,8.5,26.0,0.0
2020-01-20,0.0,0.0,9.0,24.0,0.0
2020-01-21,0.0,0.0,9.0,26.0,0.0
2020-01-22,0.0,0.0,11.5,25.0,0.0
2020-01-23,0.0,3.294959306716919,11.0,29.0,-3.294959306716919
2020-01-24,0.0,0.0,12.0,29.5,0.0
2020-01-25,0.0,0.0,10.0,25.5,0.0
2020-01-26,0.0,0.0,10.0,22.5,0.0
2020-01-27,0.0,0.0,5.5,23.5,0.0
2020-01-28,0.0,0.0,4.0,25.0,0.0
2020-01-29,0.0,0.0,7.0,25.0,0.0
2020-01-30,0.0,0.0,6.0,25.0,0.0
2020-01-31,0.0,0.0,6.0,22.5,0.0
2020-02-01,0.0,3.609980583190918,10.0,22.0,-3.609980583190918
2020-02-02,0.0,7.219961166381836,10.0,23.0,-7.219961166381836
2020-02-03,14.0,0.0,10.0,20.0,14.0
2020-02-04,16.0,3.609980583190918,10.0,19.5,12.390019416809082
2020-02-05,0.0,7.219961166381836,10.0,22.0,-7.219961166381836
2020-02-06,0.0,0.0,5.0,22.0,0.0
2020-02-07,0.0,0.0,4.0,25.0,0.0
2020-02-08,0.0,0.0,5.5,25.5,0.0
2020-02-09,0.0,0.0,6.5,29.0,0.0
2020-02-10,0.0,0.0,8.0,27.0,0.0
2020-02-11,0.0,0.0,9.0,26.0,0.0
2020-02-12,0.0,0.0,8.0,28.0,0.0
2020-02-13,0.0,0.0,7.0,26.0,0.0
2020-02-14,0.0,0.0,9.0,26.5,0.0
2020-02-15,0.0,0.0,10.0,27.0,0.0
2020-02-16,0.0,0.0,10.0,21.0,0.0
2020-02-17,0.0,0.0,11.0,31.0,0.0
2020-02-18,0.0,0.0,12.0,31.0,0.0
2020-02-19,0.0,0.0,10.0,31.0,0.0
2020-02-20,0.0,0.0,11.0,31.0,0.0
2020-02-21,0.0,0.0,16.0,30.0,0.0
2020-02-22,0.0,0.0,13.0,29.0,0.0
2020-02-23,0.0,0.0,13.0,27.0,0.0
2020-02-24,0.0,0.0,8.0,29.0,0.0
2020-02-25,0.0,0.0,9.0,27.0,0.0
2020-02-26,0.0,0.0,7.5,28.0,0.0
2020-02-27,0.0,0.0,6.5,28.0,0.0
2020-02-28,0.0,0.0,7.0,28.0,0.0
2020-02-29,0.0,0.0,8.0,29.5,0.0
2020-03-01,0.0,0.0,9.0,29.0,0.0
2020-03-02,0.0,0.0,10.0,30.5,0.0
2020-03-03,0.0,0.0,8.0,28.5,0.0
2020-03-04,0.0,0.0,7.5,28.0,0.0
2020-03-05,0.0,0.0,9.0,29.5,0.0
2020-03-06,0.0,0.4937356412410736,10.0,27.0,-0.4937356412410736
2020-03-07,0.0,0.0,11.0,28.0,0.0
2020-03-08,0.0,0.0,11.0,29.0,0.0
2020-03-09,0.0,0.4937356412410736,13.0,29.0,-0.4937356412410736
2020-03-10,0.0,0.4937356412410736,12.0,30.5,-0.4937356412410736
2020-03-11,0.0,0.0,12.0,30.0,0.0
2020-03-12,0.0,0.0,13.0,31.0,0.0
2020-03-13,0.0,0.0,12.5,31.0,0.0
2020-03-14,0.0,1.695680022239685,10.0,32.5,-1.695680022239685
2020-03-15,0.0,0.0,11.0,32.5,0.0
2020-03-16,0.0,0.0,11.0,31.0,0.0
2020-03-17,0.0,0.0,12.0,30.5,0.0
2020-03-18,0.0,0.0,12.0,30.0,0.0
2020-03-19,0.0,0.0,10.0,30.5,0.0
2020-03-20,0.0,0.0,10.5,31.0,0.0
2020-03-21,0.0,0.0,12.5,32.5,0.0
2020-03-22,0.0,0.0,12.5,32.5,0.0
2020-03-23,0.0,0.0,12.5,34.5,0.0
2020-03-24,0.0,0.0,12.5,34.5,0.0
2020-03-25,0.0,0.0,12.5,30.0,0.0
2020-03-26,0.0,0.0,14.0,30.0,0.0
2020-03-27,0.0,0.0,14.5,31.5,0.0
2020-03-28,0.0,0.0,11.0,31.0,0.0
2020-03-29,0.0,0.0,11.5,31.0,0.0
2020-03-30,0.0,0.0,11.5,31.5,0.0
2020-03-31,0.0,0.0,12.0,32.0,0.0
2020-04-01,0.0,0.0,11.5,32.0,0.0
2020-04-02,0.0,0.0,12.0,31.5,0.0
2020-04-03,0.0,0.0,11.5,31.5,0.0
2020-04-04,0.0,0.0,11.5,31.5,0.0
2020-04-05,0.0,0.0,10.5,31.5,0.0
2020-04-06,0.0,0.0,10.5,33.0,0.0
2020-04-07,0.0,0.0,11.0,34.0,0.0
2020-04-08,0.0,0.0,11.0,34.0,0.0
2020-04-09,0.0,0.0,12.0,34.0,0.0
2020-04-10,0.0,0.0,12.0,34.0,0.0
2020-04-11,0.0,0.0,11.0,33.5,0.0
2020-04-12,0.0,0.0,13.0,34.0,0.0
2020-04-13,0.0,0.0,13.0,33.5,0.0
2020-04-14,0.0,0.0,11.0,33.5,0.0
2020-04-15,0.0,0.0,11.0,33.5,0.0
2020-04-16,0.0,0.0,11.0,33.5,0.0
2020-04-17,0.0,0.0,11.0,34.0,0.0
2020-04-18,0.0,0.0,12.0,34.0,0.0
2020-04-19,0.0,0.0,12.0,31.5,0.0
2020-04-20,0.0,0.0,13.0,31.5,0.0
2020-04-21,0.0,0.0,13.5,31.5,0.0
2020-04-22,0.0,0.0,13.0,31.5,0.0
2020-04-23,0.0,0.0,13.0,31.5,0.0
2020-04-24,0.0,0.0,13.0,35.0,0.0
2020-04-25,0.0,0.0,13.0,35.0,0.0
2020-04-26,0.0,0.0,13.0,35.0,0.0
2020-04-27,0.0,0.0,13.0,35.0,0.0
2020-04-28,0.0,0.0,13.5,36.5,0.0
2020-04-29,0.0,0.0,11.5,33.0,0.0
2020-04-30,0.0,0.0,14.0,33.0,0.0
2020-05-01,0.0,2.197458505630493,15.0,36.5,-2.197458505630493
2020-05-02,0.0,0.0,14.0,36.0,0.0
2020-05-03,0.0,0.0,13.5,35.0,0.0
2020-05-04,8.5,0.0,15.0,34.0,8.5
2020-05-05,12.0,2.197458505630493,15.0,31.0,9.802541494369507
2020-05-06,1.0,7.390674591064453,10.0,31.0,-6.390674591064453
2020-05-07,6.8,0.0,11.0,31.0,6.8
2020-05-08,0.0,0.0,13.0,,0.0
2020-05-09,0.0,3.6953372955322266,,,-3.6953372955322266
2020-05-10,0.0,0.0,,,0.0
2020-05-11,0.0,0.0,,,0.0
2020-05-12,0.0,0.0,,,0.0
2020-05-13,0.0,0.0,,,0.0
2020-05-14,0.0,0.0,,,0.0
2020-05-15,0.0,0.0,,,0.0
2020-05-16,0.0,0.0,,,0.0
2020-05-17,0.0,0.0,,,0.0
2020-05-18,0.0,0.0,,,0.0
2020-05-19,0.0,0.0,,32.5,0.0
2020-05-20,0.0,0.0,10.0,32.5,0.0
2020-05-21,0.0,0.0,11.0,33.0,0.0
2020-05-22,0.0,0.0,13.0,34.0,0.0
2020-05-23,0.0,1.8488072156906128,11.0,33.0,-1.8488072156906128
2020-05-24,0.0,0.0003386866592336,13.0,34.0,-0.0003386866592336
2020-05-25,0.0,0.0,11.0,34.0,0.0
2020-05-26,2.5,0.0,11.0,28.0,2.5
2020-05-27,0.0,0.0,11.0,30.0,0.0
2020-05-28,0.0,0.0,11.0,36.0,0.0
2020-05-29,0.0,0.0,,,0.0
2020-05-30,0.0,0.0,,,0.0
2020-05-31,0.0,0.0,,,0.0
2020-06-01,0.0,0.7957221269607544,,,-0.7957221269607544
2020-06-02,0.0,1.8874229192733765,,,-1.8874229192733765
2020-06-03,0.0,0.5654652714729309,,,-0.5654652714729309
2020-06-04,0.0,0.227214902639389,,,-0.227214902639389
2020-06-05,0.0,0.2122265696525573,15.0,34.0,-0.2122265696525573
2020-06-06,0.0,0.0,14.0,35.0,0.0
2020-06-07,0.0,5.749751567840576,12.0,32.0,-5.749751567840576
2020-06-08,0.0,0.0,13.0,34.0,0.0
2020-06-09,0.0,0.0,15.0,36.0,0.0
2020-06-10,0.0,5.749751567840576,15.0,36.0,-5.749751567840576
2020-06-11,0.0,3.931436061859131,11.0,36.0,-3.931436061859131
2020-06-12,0.0,0.8934895396232605,16.0,35.5,-0.8934895396232605
2020-06-13,0.0,0.6803664565086365,16.0,35.5,-0.6803664565086365
2020-06-14,0.0,0.1473019868135452,17.0,35.5,-0.1473019868135452
2020-06-15,0.0,0.6608069539070129,17.0,35.5,-0.6608069539070129
2020-06-16,19.0,0.0,14.5,32.5,19.0
2020-06-17,0.0,0.0,15.0,32.0,0.0
2020-06-18,5.0,4.61537504196167,15.0,31.5,0.3846249580383301
2020-06-19,0.0,0.0,16.0,33.0,0.0
2020-06-20,3.0,6.923062801361084,15.0,32.0,-3.923062801361084
2020-06-21,18.0,8.740629196166992,12.0,30.0,9.259370803833008
2020-06-22,15.0,13.110943794250488,13.0,28.0,1.8890562057495117
2020-06-23,21.0,8.740629196166992,15.0,26.5,12.259370803833008
2020-06-24,5.8,4.370314598083496,15.0,25.0,1.4296854019165037
2020-06-25,0.0,0.0,15.0,29.0,0.0
2020-06-26,3.0,0.0,16.0,29.0,3.0
2020-06-27,0.0,2.9103238582611084,16.0,29.0,-2.9103238582611084
2020-06-28,6.0,0.0,16.0,23.0,6.0
2020-06-29,9.0,2.9103238582611084,16.0,32.0,6.089676141738892
2020-06-30,0.0,0.0,16.0,32.0,0.0
2020-07-05,15.0,0.0,,,15.0
2020-07-06,14.0,0.0,15.0,31.0,14.0
2020-07-07,0.0,14.093180656433104,15.5,33.0,-14.093180656433104
2020-07-08,0.0,2.8186357021331787,15.0,26.0,-2.8186357021331787
2020-07-09,0.0,2.8186357021331787,16.0,25.0,-2.8186357021331787
2020-07-10,0.0,8.455907821655273,15.0,28.0,-8.455907821655273
2020-07-11,15.0,0.0,15.5,28.0,15.0
2020-07-12,6.0,3.745699882507324,15.0,33.0,2.254300117492676
2020-07-13,10.0,3.745699882507324,16.0,25.0,6.254300117492676
2020-07-14,5.0,3.745699882507324,15.0,27.0,1.2543001174926758
2020-07-15,16.0,7.491399765014648,15.0,28.0,8.508600234985352
2020-07-16,15.0,7.485145092010498,15.0,29.0,7.514854907989502
2020-07-17,5.0,4.754539489746094,15.5,28.0,0.24546051025390625
2020-07-18,0.0,6.194168567657471,15.0,27.0,-6.194168567657471
2020-07-19,5.0,9.64327621459961,15.0,28.0,-4.643276214599609
2020-07-20,10.0,3.29757022857666,15.0,29.0,6.70242977142334
2020-07-21,0.0,0.0,15.0,29.0,0.0
2020-07-22,0.0,0.0,15.0,28.0,0.0
2020-07-23,7.0,9.25259017944336,15.0,29.0,-2.2525901794433594
2020-07-24,2.0,3.0841968059539795,15.0,29.0,-1.0841968059539795
2020-07-25,5.0,6.168393611907959,14.0,27.0,-1.168393611907959
2020-07-26,11.0,9.29770565032959,15.0,28.0,1.7022943496704102
2020-07-27,15.0,0.0,14.0,27.0,15.0
2020-07-28,26.0,0.0,15.0,29.0,26.0
2020-07-29,20.0,37.19082260131836,14.0,29.0,-17.19082260131836
2020-07-30,11.0,0.0,10.0,29.0,11.0
2020-07-31,2.0,27.89311790466309,15.0,28.0,-25.89311790466309
2020-08-01,0.0,13.959144592285156,14.0,29.0,-13.959144592285156
2020-08-02,15.0,10.469358444213867,15.0,28.0,4.530641555786133
2020-08-03,10.0,6.979572296142578,15.0,29.0,3.020427703857422
2020-08-04,0.0,0.0,14.0,28.0,0.0
2020-08-05,3.0,3.489786148071289,15.0,29.0,-0.48978614807128906
2020-08-06,20.0,7.357721328735352,15.0,28.0,12.642278671264648
2020-08-07,25.0,0.0,15.0,28.0,25.0
2020-08-08,8.0,0.0,15.0,27.5,8.0
2020-08-09,0.0,0.0,15.0,27.0,0.0
2020-08-10,0.0,7.357721328735352,16.0,27.5,-7.357721328735352
2020-08-11,6.0,10.711161613464355,16.0,26.0,-4.7111616134643555
2020-08-12,12.0,10.711161613464355,14.0,26.0,1.2888383865356445
2020-08-13,7.0,21.42232322692871,16.0,25.0,-14.422323226928711
2020-08-14,5.0,0.0,15.0,27.0,5.0
2020-08-15,19.0,0.0,13.0,28.0,19.0
2020-08-16,0.0,14.34908962249756,13.0,28.0,-14.34908962249756
2020-08-17,10.0,7.174544811248779,13.0,26.0,2.8254551887512207
2020-08-18,10.0,7.174544811248779,14.0,25.0,2.8254551887512207
2020-08-19,3.0,0.0,14.0,26.0,3.0
2020-08-20,10.0,0.0,14.0,27.0,10.0
2020-08-21,0.0,0.0,14.0,28.0,0.0
2020-08-22,10.0,0.0,15.0,28.0,10.0
2020-08-23,30.0,11.843584060668944,15.0,28.0,18.156415939331055
2020-08-24,0.0,11.843584060668944,14.0,28.0,-11.843584060668944
2020-08-25,0.0,0.0,15.0,25.0,0.0
2020-08-26,7.0,0.0,15.0,27.0,7.0
2020-08-27,0.0,0.0,16.0,29.0,0.0
2020-08-28,29.0,0.0,16.0,25.0,29.0
2020-08-29,6.0,15.07431983947754,15.0,27.0,-9.07431983947754
2020-08-30,0.0,7.5371599197387695,15.0,28.0,-7.5371599197387695
2020-08-31,0.0,7.5371599197387695,15.0,27.0,-7.5371599197387695
2020-09-01,0.0,0.0,16.0,28.0,0.0
2020-09-02,6.0,0.0,16.0,28.0,6.0
2020-09-03,0.0,0.0,16.0,28.0,0.0
2020-09-04,0.0,0.0,15.0,26.0,0.0
2020-09-05,12.0,0.0,14.0,27.0,12.0
2020-09-06,2.0,0.0,15.0,27.0,2.0
2020-09-07,0.0,9.039812088012695,15.0,26.0,-9.039812088012695
2020-09-08,0.0,0.0,15.0,27.0,0.0
2020-09-09,34.0,4.519906044006348,15.0,25.0,29.480093955993652
2020-09-10,0.0,9.039812088012695,15.0,26.0,-9.039812088012695
2020-09-11,21.0,14.03610897064209,16.0,,6.96389102935791
2020-09-12,1.5,0.0,,,1.5
2020-09-13,18.0,0.0,,,18.0
2020-09-14,13.0,14.03610897064209,14.0,26.0,-1.0361089706420898
2020-09-15,33.0,0.0,15.0,25.0,33.0
2020-09-16,,2.0207936763763428,15.5,26.0,
2020-09-21,65.0,0.0,,,65.0
2020-09-28,12.5,6.950659275054932,,28.0,5.549340724945068
2020-09-29,0.0,0.0,12.5,24.0,0.0
2020-09-30,0.0,0.0,10.5,25.0,0.0
2020-10-01,0.0,0.0,10.0,26.0,0.0
2020-10-02,0.0,0.0,7.0,24.0,0.0
2020-10-03,0.0,0.0,9.0,24.0,0.0
2020-10-04,0.0,0.0,9.0,26.0,0.0
2020-10-05,0.0,0.0,9.0,25.0,0.0
2020-10-06,0.0,0.0,10.0,26.0,0.0
2020-10-07,0.0,0.0,9.0,27.5,0.0
2020-10-08,0.0,0.0,9.0,27.0,0.0
2020-10-09,0.0,0.0,8.0,32.0,0.0
2020-10-10,0.0,0.0,10.0,27.5,0.0
2020-10-11,0.0,0.0,12.0,28.0,0.0
2020-10-12,0.0,0.0,13.0,28.0,0.0
2020-10-13,8.0,0.0,14.0,28.5,8.0
2020-10-14,0.0,0.0,14.5,26.5,0.0
2020-10-15,8.0,8.525850296020508,14.5,28.0,-0.5258502960205078
2020-10-16,0.0,4.114049434661865,12.5,25.5,-4.114049434661865
2020-10-17,,0.0,11.5,,
2020-10-26,0.0,0.193943977355957,,24.0,-0.193943977355957
2020-10-27,,0.7646181583404541,10.5,,
2020-10-28,,0.6975458860397339,,30.5,
2020-10-29,0.0,0.5875804424285889,10.0,28.5,-0.5875804424285889
2020-10-30,0.0,0.0514343753457069,9.0,,-0.0514343753457069
2020-11-01,0.0,0.0,,,0.0
2020-11-02,0.0,0.0,,27.5,0.0
2020-11-03,0.0,0.0,9.0,23.0,0.0
2020-11-04,0.0,0.0,6.5,24.0,0.0
2020-11-05,0.0,0.0,8.0,25.0,0.0
2020-11-06,0.0,0.0,8.0,24.0,0.0
2020-11-07,0.0,0.0,6.5,27.5,0.0
2020-11-08,0.0,0.0,6.5,25.5,0.0
2020-11-09,0.0,0.0,8.0,28.5,0.0
2020-11-10,0.0,0.0,8.0,27.5,0.0
2020-11-11,0.0,0.0,8.5,27.0,0.0
2020-11-12,0.0,0.0,9.5,28.0,0.0
2020-11-13,0.0,0.0,10.0,29.0,0.0
2020-11-14,0.0,0.0,11.0,29.0,0.0
2020-11-15,0.0,0.0,10.5,27.0,0.0
2020-11-16,0.0,0.0,10.0,29.0,0.0
2020-11-17,0.0,0.0,10.0,24.5,0.0
2020-11-18,0.0,0.0,11.0,23.5,0.0
2020-11-19,0.0,0.0,9.0,23.5,0.0
2020-11-20,0.0,0.0,10.0,27.0,0.0
2020-11-21,0.0,0.0,10.0,26.0,0.0
2020-11-22,0.0,0.0,9.5,25.5,0.0
2020-11-23,0.0,0.0,10.0,25.5,0.0
2020-11-24,0.0,0.0,10.5,27.0,0.0
2020-11-25,0.0,0.0,9.5,28.0,0.0
2020-11-26,0.0,0.0,8.5,28.0,0.0
2020-11-27,0.0,0.0,10.0,28.5,0.0
2020-11-28,0.0,0.0,9.5,,0.0
2020-11-29,0.0,0.0,,,0.0
2020-11-30,0.0,0.0,,,0.0
2020-12-01,0.0,0.0,8.5,25.5,0.0
2020-12-02,0.0,0.0,7.5,24.0,0.0
2020-12-03,0.0,0.0,5.0,24.0,0.0
2020-12-04,0.0,0.0,9.5,21.0,0.0
2020-12-05,0.0,0.0,11.0,23.0,0.0
2020-12-06,0.0,0.0,11.0,18.0,0.0
2020-12-07,0.0,0.0,10.0,18.0,0.0
2020-12-08,0.0,0.0,11.0,23.0,0.0
2020-12-09,0.0,0.0,10.5,25.0,0.0
2020-12-10,0.0,0.0,11.0,25.0,0.0
2020-12-11,0.0,0.0,8.0,24.0,0.0
2020-12-12,0.0,0.0,8.0,25.0,0.0
2020-12-13,0.0,0.0,9.0,26.0,0.0
2020-12-14,0.0,0.0,9.0,26.0,0.0
2020-12-15,0.0,2.0979573726654053,9.0,24.0,-2.0979573726654053
2020-12-16,0.0,0.0,6.0,24.5,0.0
2020-12-17,0.0,0.0,6.0,,0.0
2020-12-18,0.0,0.0,,,0.0
2020-12-19,0.0,0.0,,,0.0
2020-12-20,0.0,0.0,,26.0,0.0
2020-12-21,0.0,0.0,7.0,26.0,0.0
2020-12-22,0.0,0.0,6.0,26.0,0.0
2020-12-23,0.0,0.0,6.5,25.0,0.0
2020-12-24,0.0,0.0,5.0,,0.0
2020-12-25,0.0,0.0,,,0.0
2020-12-26,0.0,0.0,,,0.0
2020-12-27,0.0,0.0,,,0.0
2020-12-28,0.0,0.0,,,0.0
2020-12-29,0.0,0.0,,27.0,0.0
2020-12-30,0.0,0.0,4.0,22.0,0.0
